job_title,job_date,job_views
['广元市“广纳英才·元来有你”引才月主题宣讲活动'],['2022-12-30 09:30'],['306']
['牧原2023春节招聘-西安电子科技大学'],['2022-12-29 16:53'],['251']
['蓝月亮2023实习生招聘全面开启'],['2022-12-29 16:45'],['206']
['联咏电子科技（西安）有限公司校招补录-软件-双休'],['2022-12-29 15:27'],['270']
['一汽解放商用车开发院2023年校园招聘启事'],['2022-12-29 15:26'],['215']
['国营长虹机械厂 中国人民解放军第五七一八工厂2023届秋季校园招聘'],['2022-12-29 14:37'],['242']
['淮阴师范学院2022年诚聘海内外人才'],['2022-12-29 13:18'],['118']
['2023年春季在陕知名高校毕业研究生双选会（陕西21校联合）（预公告）'],['2022-12-29 09:12'],['140']
['北京逐风科技有限公司'],['2022-12-28 17:57'],['119']
['2023年春季全国博士、博士后、高级人才巡回签约洽谈会-西安站（预公告）'],['2022-12-28 15:50'],['101']
['泉州轻工职业学院2023年春季招聘计划'],['2022-12-28 14:14'],['89']
['先临三维科技股份有限公司2023校园招聘'],['2022-12-28 14:03'],['103']
['一汽解放汽车有限公司2023年秋季校园招聘启事'],['2022-12-28 13:03'],['193']
['北京麦邦光电仪器有限公司诚聘2023届优秀毕业生'],['2022-12-28 11:58'],['103']
['中国建筑第八工程局有限公司西北分公司'],['2022-12-28 11:51'],['92']
['格力电器2023届春季校园招聘提前批正式启动'],['2022-12-28 11:18'],['199']
['曲阜师范大学2022年公开招聘工作人员简章'],['2022-12-28 10:33'],['83']
['太原重型机械集团有限公司 2023年校园招聘公告（西安电子科技大学）'],['2022-12-28 10:32'],['98']
['河池学院2022年人才招聘公告'],['2022-12-27 19:58'],['88']
['中建三局绿色产业投资有限公司'],['2022-12-27 16:36'],['40']
['三旺通信集团2023届储备干事校园招聘'],['2022-12-27 15:35'],['36']
['一汽解放商用车开发院2023年校园招聘启事'],['2022-12-27 13:48'],['27']
['江西科技学院理学教学部招聘专职教师'],['2022-12-27 12:23'],['26']
['清华大学天津高端装备研究院招聘公告'],['2022-12-27 10:20'],['99']
['2023届校招简章-浙江中控信息产业股份有限公司'],['2022-12-27 09:26'],['30']
['锐捷网络研后专场宣讲会'],['2022-12-27 08:52'],['33']
['内蒙动力机械研究所校园招聘'],['2022-12-27 08:50'],['28']
['中建筑港集团有限公司'],['2022-12-27 08:42'],['25']
['北京逐风科技有限公司'],['2022-12-26 16:57'],['26']
['济宁医学院2022年招聘人才及青年博士公告'],['2022-12-26 15:04'],['19']
['海南医学院2022年博士及高级职称人才公开招聘公告'],['2022-12-26 15:03'],['20']
['石家庄科林电气股份有限公司2023届校园招聘'],['2022-12-26 14:29'],['23']
['滨州医学院人才招聘公告'],['2022-12-26 13:39'],['19']
['东北电力大学2022年人才招聘简章'],['2022-12-26 11:20'],['18']
['中建三局安装工程有限公司'],['2022-12-26 11:09'],['19']
['中国刑事警察学院2023年度博士人才招录公告'],['2022-12-26 11:01'],['19']
['陕西东北地区高校2023届毕业生洛阳市重点风口产业云聘会邀请函'],['2022-12-26 10:53'],['25']
['北方华创微电子2023届秋季校园招聘'],['2022-12-26 09:30'],['33']
['【上市公司】四川英杰电气股份有限公司招聘公告'],['2022-12-26 09:16'],['19']
['宜善互联网医院2023年校园招聘简章（开发工程师、智能研发、产品运营、短视频运营、医学影视助理、市场开发、董办秘书）'],['2022-12-25 18:47'],['23']
['燕山大学2022年诚聘海内外优秀人才'],['2022-12-25 15:47'],['22']
['国防科技大学计算机学院人才引进政策和计划'],['2022-12-25 13:25'],['76']
['南宁师范大学人才招聘公告'],['2022-12-25 11:18'],['18']
['西安欧亚学院2023年教师校园招聘'],['2022-12-24 23:57'],['75']
['广西电力职业技术学院2022年博士人才专项招聘公告'],['2022-12-24 17:56'],['20']
['国防科技大学气象海洋学院面向海内外诚聘博士后'],['2022-12-24 17:55'],['21']
['汉航（北京）科技有限公司招聘进行中'],['2022-12-24 17:41'],['28']
['山西工学院2022年公开招聘博士研究生公告'],['2022-12-24 15:46'],['19']
['电子科技大学长三角研究院（衢州）2022-2023年度博士人才引进公告'],['2022-12-24 15:10'],['23']
['广东科技学院2022年公开招聘博士研究生公告诚邀您的加盟！'],['2022-12-24 13:22'],['20']
['电子科技大学重庆微电子产业技术研究院人才招聘公告'],['2022-12-23 23:39'],['25']
['井冈山大学2022年人才招聘公告'],['2022-12-23 11:58'],['22']
['福建省烟草专卖局（公司） 2023年管理岗位招聘（第一批）启事'],['2022-12-23 11:51'],['88']
['（浙江）丽水学院2022年人才招聘信息'],['2022-12-23 10:52'],['19']
['中国科学院光电技术研究所2022年度博士后招聘公告'],['2022-12-23 10:34'],['20']
['广州大学2022年诚聘海内外人才公告'],['2022-12-22 17:45'],['173']
['中山大学集成电路学院面向全球公开招聘人才'],['2022-12-22 17:44'],['171']
['北京世纪好未来教育科技有限公司'],['2022-12-22 17:37'],['164']
['中国科学院广州能源研究所'],['2022-12-22 17:14'],['184']
['广西中医药大学2022年引进领军人才及113名博士公告'],['2022-12-22 16:23'],['121']
['右江民族医学院2022年诚聘英才公告'],['2022-12-22 16:23'],['114']
['厦门亿联网络（Yealink）技术股份有限公司 2023届校园招聘简章'],['2022-12-22 16:13'],['166']
['枣庄学院2022年人才招聘启事（12月更新）'],['2022-12-22 16:13'],['98']
['中国科学院深海科学与工程研究所2022年秋季招聘启事'],['2022-12-22 15:31'],['123']
['《镭赋青春，智启未来》衡阳镭目科技2023届校园重磅来袭！'],['2022-12-22 14:33'],['97']
['郑州宇通集团有限公司'],['2022-12-22 14:02'],['133']
['天津仁爱学院2022年专任教师招聘'],['2022-12-22 10:38'],['74']
['中建三局绿色产业投资有限公司'],['2022-12-22 10:26'],['115']
['智时代·赢未来 潍柴动力第六届博士开放日线上推介会招聘简章'],['2022-12-22 10:15'],['77']
['广西中烟工业有限责任公司2023年招聘启事'],['2022-12-22 09:45'],['125']
['2022年长安银行人才招聘公告'],['2022-12-22 09:29'],['154']
['长春大学2022年公开招聘人才公告（3号）'],['2022-12-21 20:00'],['87']
['内蒙古伊利实业集团股份有限公司液态奶事业部2023年校园招聘'],['2022-12-21 19:37'],['89']
['宜善互联网医院2023年校园招聘简章'],['2022-12-21 18:39'],['104']
['北京逐风科技有限公司'],['2022-12-21 17:44'],['106']
['国防科技大学信息通信学院人才引进招聘公告'],['2022-12-21 17:13'],['102']
['北京长亭未来科技有限公司2023届校招岗位发布'],['2022-12-21 17:09'],['98']
['吉首大学张家界学院2023年教师招聘公告'],['2022-12-21 14:40'],['55']
['徐州工程学院人才引进政策及计划'],['2022-12-21 13:36'],['58']
['南京晓庄学院2022年公开招聘人才公告'],['2022-12-21 11:51'],['55']
['先临三维科技股份有限公司2023校园招聘'],['2022-12-21 10:12'],['85']
['青岛理工大学临沂校区2022年诚聘海内外英才（长期招聘）'],['2022-12-21 10:07'],['57']
['三旺通信集团23届储备干事校园招聘'],['2022-12-21 09:51'],['109']
['新疆农村信用社2023年实习生招聘公告'],['2022-12-20 19:48'],['62']
['“人才来临，沂定能赢” 临沂市2022年冬季青年人才线上招聘会正式上线'],['2022-12-20 19:45'],['53']
['中博会高层次人才洽谈会 （2023年度）春季线下巡回招聘会 ——西安电子科技大学硕博专场'],['2022-12-20 16:52'],['61']
['中共深圳市南山区委组织部'],['2022-12-20 15:57'],['87']
['山东众阳健康科技集团有限公司2023届校招简章'],['2022-12-20 15:40'],['67']
['北京高博中进信息技术有限公司邯郸学院2022年公开选聘博士研究生'],['2022-12-20 11:27'],['51']
['四川元景达食品有限公司 2023全国专场校园招聘简章'],['2022-12-20 11:05'],['56']
['萍乡学院2023年博士人才引进公告'],['2022-12-20 10:06'],['52']
['河北高速公路集团有限公司2023届校园招聘'],['2022-12-20 10:06'],['66']
['【上市公司】四川英杰电气股份有限公司校园招聘公告'],['2022-12-20 09:36'],['50']
['招商银行股份有限公司泉州分行'],['2022-12-19 21:18'],['103']
['西华大学2022年人才招聘公告'],['2022-12-19 19:53'],['58']
['北京逐风科技有限公司'],['2022-12-19 17:21'],['184']
['国防科技大学信息通信学院人才引进招聘公告'],['2022-12-19 16:45'],['129']
['2023校园招聘-江淮汽车直属（安徽江汽物流有限公司）'],['2022-12-19 15:40'],['153']
['2023年潍坊市“才聚鸢都——博士潍坊行”暨潍坊学院第六届博士“鸢都行”活动'],['2022-12-19 15:31'],['48']
['公众保2023联合校招'],['2022-12-19 14:29'],['154']
['井冈山大学2022年公开选聘部分学院（部）院长（常务副主任）'],['2022-12-19 12:03'],['95']
['秦皇岛烟草机械有限责任公司2023年招聘 财务类/管理类/计算机类/机械设计工程类/电气自动化类等'],['2022-12-19 11:07'],['149']
['三明学院2022年人才招聘启事'],['2022-12-19 10:43'],['91']
['南京信息职业技术学院2022年诚聘英才'],['2022-12-18 20:34'],['92']
['桂林电子科技大学2022年人才招聘启事'],['2022-12-18 19:59'],['108']
['齐鲁理工学院2022年诚聘人才启事'],['2022-12-18 17:16'],['87']
['【山东上市公司】英科再生2023届校园招聘'],['2022-12-18 09:24'],['92']
['上海航天八院802所2023届博士招聘火爆开展'],['2022-12-17 18:41'],['122']
['福州大学最新博士后招聘公告'],['2022-12-17 16:21'],['69']
['中山大学中法核工程与技术学院人才招聘启事'],['2022-12-17 15:43'],['72']
['常州工学院2022年人才招聘启事'],['2022-12-17 15:43'],['92']
['枣庄学院2022年人才招聘简章'],['2022-12-17 15:43'],['72']
['海南自贸港生态软件园2023寒假「琼籍人才回家」招聘体验日'],['2022-12-16 19:47'],['66']
['北京大兴国际机场2023年校园招聘公告'],['2022-12-16 19:21'],['130']
['新疆大学机械工程学院2022年博士招聘启事'],['2022-12-16 17:39'],['85']
['湖南高尔夫旅游职业学院2022年招聘公告'],['2022-12-16 17:29'],['74']
['上海建工五建集团有限公司西安分公司'],['2022-12-16 17:24'],['102']
['中山大学理学院诚邀全球英才加盟'],['2022-12-16 16:51'],['57']
['浙江物产金属集团有限公司'],['2022-12-16 16:03'],['73']
['华芯巨数（杭州）微电子有限公司'],['2022-12-16 15:24'],['132']
['广西师范大学2022年人才招聘公告'],['2022-12-16 14:25'],['126']
['云道智造2023全球校园招聘简章'],['2022-12-16 10:48'],['215']
['清远职业技术学院2022年人才招聘'],['2022-12-16 10:41'],['131']
['成都职业技术学院2022年面向社会公开招聘26名编制外工作人员公告'],['2022-12-15 20:52'],['138']
['潍坊医学院2022年诚聘海内外优秀博士（长期招聘）'],['2022-12-15 19:19'],['98']
['2023 恩智浦中国实习生招聘开始啦！'],['2022-12-15 19:17'],['141']
['2023年拈花湾文旅校园招聘简章'],['2022-12-15 17:04'],['127']
['宝尊电商招聘简章'],['2022-12-15 17:02'],['101']
['浙江大学滨江研究院2023校园招聘'],['2022-12-15 16:56'],['135']
['广东奥马冰箱有限公司2023秋季全球校园招聘'],['2022-12-15 16:54'],['140']
['“智汇无锡” 2023届高校毕业生空中宣讲会和视频面试会'],['2022-12-15 16:46'],['157']
['云南锡业集团（控股）有限责任公司 2023年度高校毕业生招聘简章'],['2022-12-15 16:09'],['134']
['北京卓镭激光技术有限公司'],['2022-12-15 15:57'],['80']
['大连海事大学2023年教师、博士后招聘公告'],['2022-12-15 15:49'],['76']
['东风本田汽车有限公司招聘简章'],['2022-12-15 15:44'],['140']
['西安知象光电科技有限公司'],['2022-12-15 15:08'],['195']
['中国科学院声学研究所2022年科技、支撑类岗位招聘启事'],['2022-12-15 14:07'],['170']
['浙江巴赫厨具有限公司'],['2022-12-15 14:03'],['97']
['南阳师范学院“2022年中国·河南招才引智创新发展大会”招聘硕士研究生'],['2022-12-15 11:03'],['183']
['福建泉建研工程研究院有限公司招聘简章'],['2022-12-15 10:50'],['108']
['中国科学院国家授时中心部分管理部门 工作人员招聘公告'],['2022-12-15 10:48'],['138']
['国家授时中心2023年科技岗位招聘公告'],['2022-12-15 10:47'],['155']
['【深圳国企】深圳方正微电子有限公司2023届校园招聘'],['2022-12-15 10:37'],['210']
['西安电子科技大学杭州研究院2022年全球引才正式启动'],['2022-12-14 23:47'],['155']
['福州大学厦门工艺美术学院2022年人才招聘'],['2022-12-14 18:39'],['57']
['国防科技大学信息通信学院人才招聘公告'],['2022-12-14 17:19'],['102']
['深圳前海亚讯电子商务有限公司西安分公司'],['2022-12-14 16:52'],['285']
['情暖初冬·职为你选|全国重点高校2023届毕业生冬季联合招聘大型空中双选会'],['2022-12-14 16:25'],['137']
['国家级专精特新“小巨人”企业—佳思德科技2023届校园招聘'],['2022-12-14 15:58'],['102']
['福建省漳州市2023届选优生公告 （西安电子科技大学）'],['2022-12-14 14:58'],['97']
['上海票据交易所2022年秋季校园招聘公告'],['2022-12-14 14:03'],['160']
['车联天下2023届校园招聘简章'],['2022-12-14 13:38'],['107']
['马鞍山学院2022年人才招聘公告'],['2022-12-14 11:50'],['69']
['赢合科技2023届秋季校园招聘末班车'],['2022-12-14 11:36'],['114']
['中国水产科学研究院黄海水产研究所2023年公开招聘工作人员'],['2022-12-14 11:23'],['159']
['给梦想一颗澎湃的芯 | 芯动科技2023届秋招职能岗专项招聘！'],['2022-12-14 10:43'],['190']
['光联万物，e起加速 —成都新易盛通信2023届校园招聘'],['2022-12-14 09:43'],['158']
['哈尔滨师范大学物理与电子工程学院2022年招聘启事'],['2022-12-14 09:08'],['129']
['四川文理学院2023年百万引博，欢迎优秀博士加盟'],['2022-12-13 20:37'],['144']
['烟台东方威思顿电气有限公司2023届校园招聘简章'],['2022-12-13 17:53'],['126']
['天瑞集团——2023校园招聘'],['2022-12-13 17:42'],['138']
['面向社会公开引才！国防科技大学前沿交叉学科学院2022年度人才引进政策和计划'],['2022-12-13 17:11'],['112']
['许昌市人才交流服务中心（许昌市高层次人才服务中心）'],['2022-12-13 16:55'],['98']
['烟台东方威思顿电气有限公司2023届校园招聘简章'],['2022-12-13 16:26'],['145']
['广州联通2023届校园招聘简章'],['2022-12-13 15:53'],['172']
['北京同立钧成知识产权代理有限公司'],['2022-12-13 14:43'],['120']
['“智汇无锡” 2023届高校毕业生空中宣讲会和视频面试会'],['2022-12-13 14:14'],['127']
['国防科技大学信息通信学院人才引进招聘公告'],['2022-12-13 14:10'],['152']
['大学生志愿服务西部计划美丽中国支教项目秋季招募'],['2022-12-13 13:55'],['135']
['国防科技大学电子科学学院2022年度人才引进政策和岗位计划'],['2022-12-13 13:12'],['139']
['井冈山大学2022年人才招聘'],['2022-12-13 11:07'],['135']
['招商银行股份有限公司温州分行'],['2022-12-13 10:28'],['131']
['三环集团2023届秋季校园招聘-职能岗专场'],['2022-12-13 09:45'],['165']
['广东海悟科技有限公司'],['2022-12-13 09:09'],['137']
['中建三局绿色产业投资有限公司2023校招'],['2022-12-12 19:34'],['119']
['广西科技大学2022年人才招聘公告'],['2022-12-12 17:55'],['85']
['三旺通信集团2023届储备干事校园招聘'],['2022-12-12 13:50'],['112']
['洛阳师范学院2022年高层次人才引进政策及计划'],['2022-12-12 12:37'],['85']
['贵阳航空电机有限公司'],['2022-12-12 11:54'],['160']
['河北银行2023年度校园招聘启事'],['2022-12-12 11:07'],['137']
['莆田学院2022年博士招聘公告（二）'],['2022-12-12 10:58'],['114']
['先临三维科技股份有限公司2023校园招聘'],['2022-12-12 10:22'],['147']
['2022年秋季“铜揽英才·陵创未来” 全国百所高校毕业生云聘会'],['2022-12-12 09:22'],['118']
['苏州经贸职业技术学院2022年引进人才'],['2022-12-11 19:16'],['137']
['2023年石河子大学公开招聘事业单位工作人员公告'],['2022-12-11 18:04'],['152']
['湖南长城银河科技有限公司'],['2022-12-11 17:41'],['155']
['西华大学2022年人才招聘公告'],['2022-12-11 15:49'],['143']
['桂林航天工业学院2022年博士招聘公告'],['2022-12-11 15:49'],['116']
['安阳工学院2022年人才招聘简章'],['2022-12-11 11:32'],['140']
['商洛市虎之翼科技有限公司校园招聘-研发岗'],['2022-12-10 10:23'],['166']
['北森云计算2023校园招聘'],['2022-12-09 16:33'],['200']
['一汽解放汽车有限公司2023年秋季校园招聘启事'],['2022-12-09 16:20'],['258']
['广州虹科电子科技有限公司2023校园招聘简章-技术研发岗'],['2022-12-09 15:24'],['223']
['广州虹科电子科技有限公司2023校园招聘简章-销售岗'],['2022-12-09 15:23'],['117']
['北京七一八友晟电子有限公司招聘简章'],['2022-12-09 14:48'],['209']
['中国人民解放军第五七一八工厂2023届秋季校园招聘'],['2022-12-09 14:09'],['235']
['华芯巨数（杭州）微电子有限公司2023届校园招聘公告'],['2022-12-09 14:08'],['184']
['时创之星2023校园招聘简章'],['2022-12-09 13:26'],['126']
['汉航（北京）科技有限公司招聘进行中'],['2022-12-09 12:04'],['139']
['途游游戏2023秋招末班车'],['2022-12-09 11:24'],['127']
['西安赛隆增材技术股份有限公司 招聘公告'],['2022-12-09 11:21'],['196']
['衢州职业技术学院2022-2023学年人才引进公告'],['2022-12-09 11:18'],['136']
['山东经贸职业学院2022年公开招聘博士研究生及高级岗位工作人员简章'],['2022-12-09 11:15'],['116']
['2023年烟台市青年干部人才“菁英计划” 选聘公告'],['2022-12-09 10:40'],['84']
['【央企】招商证券莱州部校园招聘'],['2022-12-09 10:17'],['138']
['哈尔滨理工大学（博士、硕士教师岗）招聘公告'],['2022-12-09 10:14'],['129']
['创意无限，兴好有你 ——万兴科技2023届秋季校园招聘'],['2022-12-09 09:16'],['155']
['航空工业西飞民机2023校园招聘'],['2022-12-08 17:22'],['315']
['中国电建集团中南勘测设计研究院有限公司2022年度博士后社会招聘（长期招聘）'],['2022-12-08 17:00'],['136']
['西安城市基础设施建设投资集团有限公司'],['2022-12-08 14:46'],['245']
['安徽财经大学合肥高等研究院2022年度高层次人才公开招聘'],['2022-12-08 13:44'],['127']
['2022年苏州市职业大学长期公开招聘博士研究生专业技术人才公告'],['2022-12-08 12:49'],['88']
['华中师范大学人工智能教育学部教师岗位公开招聘公告'],['2022-12-08 12:48'],['118']
['2023甬矽校园招聘'],['2022-12-08 09:44'],['121']
['比特大陆|算能2023届校园招聘'],['2022-12-07 18:11'],['143']
['中国核电工程有限公司2023年校园招聘'],['2022-12-07 17:12'],['199']
['赛思电子|2023届芯光共振•同频创未来校园招聘-销售专场'],['2022-12-07 15:44'],['233']
['北京首钢股份有限公司2023年高校毕业生招聘简章'],['2022-12-07 15:06'],['227']
['无穷食品制造（广东）有限公司2023届校园招聘简章'],['2022-12-07 14:58'],['143']
['车联天下2023届校园招聘简章'],['2022-12-07 11:49'],['181']
['浙江横店影视职业学院2022---2023学年人才引进计划'],['2022-12-07 11:44'],['136']
['无锡先导智能装备股份有限公司“天生Leader”——先导智能23届秋招补录招聘简章'],['2022-12-07 11:15'],['166']
['芯动微电子科给梦想一颗澎湃的芯 | 芯动科技2023届秋招职能岗专项招聘！技（珠海）有限公司'],['2022-12-07 10:59'],['182']
['智汇（天津）工程设计院有限公司 招聘公告'],['2022-12-07 10:47'],['176']
['广西水利电力职业技术学院2022年人才招聘公告'],['2022-12-07 10:11'],['144']
['“才聚鸢都—直通名校” 2022年潍坊市专场网络招聘会（北京站）'],['2022-12-06 21:00'],['117']
['河南典学文化传播有限公司2023招聘（月薪6~8千+双休+五险一金）'],['2022-12-06 20:45'],['121']
['2023年中央某驻豫单位公务员招录公告'],['2022-12-06 20:30'],['417']
['陕西省知名高校2023届毕业生校园现场“云桥”双选会-西安电子科技大学站'],['2022-12-06 17:32'],['332']
['东风商用车有限公司校园招聘简章'],['2022-12-06 17:11'],['135']
['珠海高新区第十二届“名企名校行” -----陕西线 线上招聘会'],['2022-12-06 17:02'],['151']
['云南云内动力集团2023届校园招聘简章'],['2022-12-06 15:42'],['162']
['卓外（上海）医疗电子科技有限公司，期待您的加入'],['2022-12-06 15:40'],['215']
['中国科学院光电技术研究所2023年校园招聘'],['2022-12-06 15:13'],['209']
['永赢基金管理有限公司2023年校园招聘-北方地区专场宣讲'],['2022-12-06 14:59'],['103']
['中建三局绿色产业投资有限公司'],['2022-12-06 14:32'],['125']
['“国聘行动”雄安未来之城高质量发展专场 启动仪式暨雄安新区2023年校园引才 “空中宣讲会”活动直播来了'],['2022-12-06 13:47'],['139']
['三旺通信集团23届储备干事校园招聘'],['2022-12-06 13:47'],['115']
['山东省科创集团 山东正中信息技术股份有限公司 2023届秋季校园招聘公告'],['2022-12-06 13:46'],['140']
['上海魔飞企业管理咨询有限公司校招（初级猎头顾问（助理/管培生））'],['2022-12-06 13:24'],['96']
['宁德职业技术学院2023年公开招聘启事'],['2022-12-06 11:51'],['108']
['宁德职业技术学院2023年公开招聘启事'],['2022-12-06 11:51'],['93']
['石家庄科林电气股份有限公司 2023届招聘简章'],['2022-12-06 11:46'],['99']
['智汇诺力，加成未来 ——诺力智能 2023届校园招聘'],['2022-12-06 11:30'],['255']
['河南人才特快专列，2000+优质企事业岗位接您回家！'],['2022-12-06 11:19'],['98']
['东北电力大学2022年人才引进公告'],['2022-12-05 18:40'],['94']
['智美电动 智等你来 中车电动2023年校园招聘'],['2022-12-05 18:30'],['125']
['北京逐风科技有限公司'],['2022-12-05 17:27'],['114']
['福建（泉州）哈工大工程技术研究院'],['2022-12-05 16:51'],['141']
['北京七星华创微电子有限责任公司2023年招聘简章'],['2022-12-05 15:55'],['252']
['【事业编教师 非师范类亦可】2023年苏州市吴江区教育系统选聘优秀毕业生公告来啦！'],['2022-12-05 15:29'],['331']
['西湖大学芯片数字化生产研究中心2022招聘启事'],['2022-12-05 15:07'],['124']
['台州科技职业学院2022年下半年公开招聘人员公告'],['2022-12-05 14:41'],['65']
['势通机器人科技（集团）有限公司“启航计划”2023校园招聘'],['2022-12-05 13:27'],['119']
['南阳师范学院2022年诚聘高层次人才启事'],['2022-12-05 11:39'],['248']
['湖南建设投资集团有限责任公司2023校园招聘公告'],['2022-12-05 10:14'],['232']
['烟台东方威思顿电气有限公司2023届校园招聘简章'],['2022-12-05 09:52'],['198']
['烟台东方威思顿电气有限公司2023届校园招聘简章'],['2022-12-05 09:49'],['176']
['深圳市润土投资管理有限公司2023招聘'],['2022-12-05 09:34'],['176']
['2022年重庆“百万英才，为渝而来”全国高校巡回引才线上活动即将开启'],['2022-12-04 22:20'],['180']
['中国医学科学院生物医学工程所智能诊疗技术实验室招聘启事'],['2022-12-03 19:57'],['346']
['中国医学科学院生物医学工程研究所医学人工智能与机器人中心招聘工程技术岗人员'],['2022-12-03 19:46'],['182']
['宁波大学2022年公开招聘人才公告'],['2022-12-02 18:56'],['200']
['泰山学院2022年引进人才优惠政策'],['2022-12-02 18:55'],['163']
['长沙理工大学设计艺术学院2022下半年博士暨中高级人才RPO线上面试会'],['2022-12-02 16:03'],['192']
['星宇股份2023校园招聘'],['2022-12-02 15:47'],['427']
['许昌烟草机械有限责任公司'],['2022-12-02 15:07'],['270']
['中电建生态环境集团有限公司'],['2022-12-02 14:52'],['248']
['华芯巨数（杭州）微电子有限公司'],['2022-12-02 14:31'],['293']
['【A股上市企业】建科股份2023校园招聘'],['2022-12-02 11:44'],['379']
['南京国科精准医学科技有限公司招聘启事'],['2022-12-02 11:40'],['216']
['新疆财经大学财政税务学院博士教师招聘'],['2022-12-02 11:18'],['135']
['西安葡萄城 软件测试实习生 招聘简章'],['2022-12-02 10:35'],['260']
['招商银行股份有限公司泉州分行'],['2022-12-02 10:20'],['202']
['深圳欧陆通电子股份有限公司-上海、杭州研发中心校招'],['2022-12-02 09:08'],['226']
['航空工业庆安集团有限公司（西安）2023年校园招聘'],['2022-12-01 23:17'],['496']
['北京逐风科技有限公司'],['2022-12-01 17:57'],['233']
['中建二局第四建筑工程有限公司2023年校园招聘'],['2022-12-01 15:36'],['202']
['石家庄医学高等专科学校2023年教师招聘'],['2022-12-01 13:25'],['207']
['中国电子科技集团公司第五十五研究所本科生招聘简章'],['2022-12-01 11:22'],['521']
['包头市2023年事业单位引进高层次和紧缺急需人才公告'],['2022-12-01 10:33'],['215']
['北京汽车研究总院2022年秋季校园招聘公告'],['2022-12-01 09:46'],['289']
['2023年三亚崖州湾科技城管理局及园区企业秋季校园招聘公告'],['2022-12-01 00:13'],['358']
['联东集团携手入园企业2023全国校园招聘会 正式启动'],['2022-12-01 00:10'],['268']
['2022年重庆英才大会事业单位考核招聘'],['2022-11-30 22:25'],['259']
['中国科学院兰州化学物理研究所2023年人才招聘启事'],['2022-11-30 21:53'],['255']
['渤海大学'],['2022-11-30 20:54'],['293']
['中国航发贵州黎阳航空动力有限公司校园招聘'],['2022-11-30 18:06'],['245']
['北京逐风科技有限公司'],['2022-11-30 17:57'],['185']
['【第五场】高校人才网2022下半年博士暨中高级人才RPO线上面试会邀请函'],['2022-11-30 17:49'],['160']
['四川农信2023年校园招聘公告'],['2022-11-30 17:15'],['498']
['通号（西安）轨道交通工业集团有限公司'],['2022-11-30 16:31'],['420']
['三维通信2023届校园招聘'],['2022-11-30 15:44'],['311']
['河南典学文化传播有限公司2023招聘'],['2022-11-30 15:31'],['185']
['海尔智家GEDP全球工程师发展计划'],['2022-11-30 15:25'],['259']
['呼伦贝尔学院2022年招聘博士'],['2022-11-30 13:38'],['200']
['先临三维科技股份有限公司2023校园招聘'],['2022-11-30 11:53'],['218']
['福州大学最新博士后招聘公告'],['2022-11-30 11:37'],['231']
['耀你一起，定义车视界——福耀集团2023届校园招聘'],['2022-11-30 09:26'],['334']
['南京晓庄学院2022年公开招聘人才公告'],['2022-11-29 18:36'],['230']
['【卓镭激光】2023届校园招聘'],['2022-11-29 16:18'],['197']
['北京算能科技有限公司AI销售工程师'],['2022-11-29 15:52'],['235']
['中建四局第五建筑工程有限公司2023届毕业生校园招聘'],['2022-11-29 15:27'],['195']
['山东恒信集团有限公司招聘简章'],['2022-11-29 15:03'],['173']
['美满芯盛（杭州）微电子有限公司2023届校园招聘'],['2022-11-29 14:40'],['205']
['武汉工商学院2022年人才招聘计划'],['2022-11-29 13:49'],['271']
['中国矿业大学徐海学院2023年专任教师、实验教师和专职辅导员岗位招聘启事'],['2022-11-29 13:27'],['157']
['福建中烟工业有限责任公司招聘信息'],['2022-11-29 11:45'],['229']
['湖北省烟草专卖局（公司）2023年招聘公告'],['2022-11-29 11:28'],['276']
['郑州银行2023校园招聘公告'],['2022-11-29 11:11'],['183']
['无锡公开选调海内外青年人才报名最后一周！滨湖40个岗位诚盼您来！'],['2022-11-29 10:50'],['170']
['最后一场！学术桥12月2日博士人才视频“云”招聘邀您参加！'],['2022-11-29 10:44'],['169']
['深圳市航嘉驰源电气股份有限公司'],['2022-11-29 10:35'],['148']
['追梦蓝天 铿锵出发——中国人民解放军第五七二〇工厂2023年校园招聘'],['2022-11-29 10:04'],['281']
['中国信息通信研究院2023届校园招聘 --只引领，不跟随'],['2022-11-29 09:30'],['295']
['珠海松下马达有限公司招聘简章'],['2022-11-29 09:02'],['169']
['烟台华新不锈钢有限公司2023届校园招聘'],['2022-11-29 08:29'],['121']
['中国航天科工二院二十三所2023届校园招聘'],['2022-11-28 21:49'],['313']
"['贵州大学2022年引进优秀人才计划-黔中大地招贤纳士""英才帖""']",['2022-11-28 19:59'],['186']
['中国航天科工集团第六研究院2023年校园招聘'],['2022-11-28 19:24'],['457']
['贵州正业国际工程企业管理集团有限公司2023届毕业生招募公告'],['2022-11-28 18:22'],['113']
['上海皇华信息科技有限公司'],['2022-11-28 17:14'],['145']
['贵州航天天马机电科技有限公司'],['2022-11-28 17:12'],['155']
['中资网络信息安全科技有限公司2023秋招招聘简章【北京央企】'],['2022-11-28 17:01'],['170']
['青岛银行股份有限公司2023年校园招聘公告'],['2022-11-28 16:57'],['174']
['中建三局绿色产业投资有限公司'],['2022-11-28 16:46'],['274']
['格力电器2023届秋季校园招聘补录'],['2022-11-28 16:25'],['199']
['应急管理部大数据中心2023年第一批次公开招聘工作人员公告'],['2022-11-28 16:04'],['399']
['东风本田汽车有限公司招聘简章'],['2022-11-28 15:59'],['288']
['国家计算机网络应急技术处理协调中心国家中心2023年度校园招聘启事'],['2022-11-28 15:26'],['458']
['工业和信息化部人才交流中心'],['2022-11-28 15:24'],['333']
['青岛鼎信通讯股份有限公司'],['2022-11-28 14:49'],['245']
['南京本一杰通信设备有限责任公司'],['2022-11-28 14:44'],['227']
['大豪科技|2023硕士研发岗位秋季招聘'],['2022-11-28 13:49'],['286']
['隆基绿能2023届全球校园招聘（冬季场）'],['2022-11-28 13:36'],['2083']
['杭州职业技术学院2022年下半年公开招聘专业教师、高层次人才'],['2022-11-28 13:33'],['223']
['浙江省集成电路创新平台2023校园招聘简章'],['2022-11-28 11:47'],['425']
['烟台东方威思顿电气有限公司2023届校园招聘简章'],['2022-11-28 09:10'],['203']
['西安欧亚学院2023年教师校园招聘'],['2022-11-27 21:01'],['362']
['复旦大学类脑智能科学与技术研究院博士后招聘'],['2022-11-27 20:44'],['161']
['广东海洋大学2022年引进教学科研人员公告'],['2022-11-27 19:18'],['209']
['浙江省台州学院2022年人才招聘公告'],['2022-11-27 18:53'],['369']
['锦Show长安丨踏乘星河，征赴未来 长安汽车2023全球校园招聘简章'],['2022-11-27 16:14'],['205']
['中山大学微电子科学与技术学院人才招聘'],['2022-11-27 16:04'],['180']
['贵州大学2022年'],['2022-11-27 14:50'],['159']
['广西大学2022年诚聘海内外人才'],['2022-11-27 14:43'],['143']
['清华大学水利水电工程系王光谦院士团队诚聘博士后'],['2022-11-27 12:42'],['161']
['中国系统2023校园招聘技术类冬季补招'],['2022-11-26 19:49'],['227']
['江海证券有限公司'],['2022-11-26 17:59'],['161']
['莆田新明宝化学工业有限公司2023届“启航计划”校园招聘'],['2022-11-26 16:41'],['111']
['【共创智能 耀未来】北京九章云极科技有限公司'],['2022-11-25 20:04'],['208']
['杭钢集团2023届校园招聘'],['2022-11-25 18:45'],['176']
['北京逐风科技有限公司'],['2022-11-25 17:31'],['153']
['华芯巨数（杭州）微电子有限公司'],['2022-11-25 15:14'],['182']
['万里不远 扬帆启航|浙江万里扬股份有限公司2023校园招聘简章'],['2022-11-25 14:14'],['313']
['江西服装学院2022年下半年第四轮专任教师及党政管理岗招聘启事'],['2022-11-25 13:34'],['178']
['杭州市中策职业学校钱塘学校'],['2022-11-25 13:25'],['192']
['中国邮政集团有限公司广东省分公司 2023年度校园招聘'],['2022-11-25 13:05'],['458']
['国家无线电监测中心检测中心2023年校园招聘公告'],['2022-11-25 12:23'],['315']
['山西机电职业技术学院2022年博士人才招聘'],['2022-11-25 11:10'],['179']
['贵州梅岭电源有限公司'],['2022-11-25 10:39'],['170']
['华中区域——美宜佳控股有限公司2023届校园招聘'],['2022-11-25 10:31'],['171']
['琻捷电子科技有限公司'],['2022-11-25 10:15'],['252']
['YOU 你改变世界 ——华友钴业2023届校园招聘火热进行中'],['2022-11-25 09:50'],['226']
['中国航天科技集团有限公司第五研究院第五一〇所（兰州空间技术物理研究所）2023届校园招聘简章'],['2022-11-25 09:46'],['390']
['陕西烽火电子股份有限公司2023年校园招聘'],['2022-11-25 08:48'],['758']
['【山东上市公司】英科再生2023届校园招聘简章'],['2022-11-25 08:45'],['197']
['邓白氏2023校园招聘简章'],['2022-11-24 22:25'],['225']
['2022年广东惠州“惠”聚优才金秋招聘活动'],['2022-11-24 21:36'],['154']
['茅台学院2022年人才引进公告'],['2022-11-24 19:54'],['236']
['鼎甲科技2023届校园招聘'],['2022-11-24 19:52'],['186']
['中国医学科学院北京协和医学院2023年度高校毕业生招聘公告'],['2022-11-24 18:13'],['193']
['北京逐风科技有限公司'],['2022-11-24 17:48'],['137']
['中国春来教育集团2022年招聘公告'],['2022-11-24 17:08'],['285']
['2023超视界显示技术有限公司校园招聘正式启动'],['2022-11-24 16:01'],['240']
['中国电子科技集团公司第九研究所2022-2023年校园招聘'],['2022-11-24 15:38'],['378']
['滨湖区公开选调海内外优秀青年人才，40个岗位虚位以待！'],['2022-11-24 15:33'],['187']
['湖北理工学院2022年招聘简章'],['2022-11-24 15:28'],['227']
['江西应用科技学院人才招聘'],['2022-11-24 15:21'],['255']
['中电科普天科技股份有限公司2023届校园招聘'],['2022-11-24 14:51'],['334']
['深圳市深粮控股股份有限公司 2023年“优禾计划”管理培训生招聘简章'],['2022-11-24 14:36'],['198']
['巢湖学院2022年诚聘博士人才（9月更新）'],['2022-11-24 11:42'],['140']
['浙江矽瓷科技有限公司'],['2022-11-24 11:32'],['162']
['航天科工十院0612研究所往届补录'],['2022-11-24 11:24'],['372']
['光联万物，e起加速 —成都新易盛通信2023届校园招聘'],['2022-11-24 11:08'],['165']
['12月9日 国内高校联合举办（第二十三届）科研学术人才云端招聘会'],['2022-11-24 10:02'],['140']
['江西泰豪军工集团有限公司'],['2022-11-24 10:02'],['214']
['重庆航天火箭电子技术有限公司2023年招聘简章'],['2022-11-23 19:36'],['315']
['厦门市美亚柏科信息股份有限公司'],['2022-11-23 17:44'],['217']
['伊利集团2023年校招-液态奶滦州伊利乳业'],['2022-11-23 17:19'],['190']
['中国航空工业集团-贵阳航空电机有限公司招聘公告'],['2022-11-23 16:46'],['225']
['山西路桥建设集团有限公司'],['2022-11-23 16:28'],['222']
['清华大学天津高端装备研究院校园招聘公告'],['2022-11-23 16:12'],['254']
['长城华西银行2022年秋季招聘公告'],['2022-11-23 15:38'],['274']
['关于发布《包头市2022年高层次和急需紧缺人才需求目录（第五批）》的公告'],['2022-11-23 15:32'],['163']
['广东海洋大学2022年引进高层次教学科研人员'],['2022-11-23 15:30'],['198']
['中国消防救援学院2023年度第一批面向应届毕业生公开招聘人员'],['2022-11-23 15:27'],['295']
['隆鑫通用2023校园招聘'],['2022-11-23 15:21'],['205']
['多益网络2023届校园招聘补录批次'],['2022-11-23 15:20'],['232']
['深圳大学电子与信息工程学院邱国平课题组2022年博士后招聘启事'],['2022-11-23 15:11'],['159']
['广东瑞德智能科技股份有限公司'],['2022-11-23 14:30'],['188']
['【卓镭激光】2023届校园招聘'],['2022-11-23 14:13'],['154']
['北京东方锐镭科技有限公司'],['2022-11-23 13:49'],['195']
['安徽工程大学2022年度高层次人才招聘'],['2022-11-23 11:25'],['337']
['广州广电运通金融电子股份有限公司'],['2022-11-23 11:06'],['187']
['菜鸟 2023 届校园招聘技术类岗位火热招聘中！'],['2022-11-23 10:16'],['237']
['西安赛隆增材技术股份有限公司 招聘公告'],['2022-11-23 09:55'],['222']
['东莞市盛雄激光先进装备股份有限公司'],['2022-11-23 09:49'],['154']
['烟台东方威思顿电气有限公司2023届校园招聘简章'],['2022-11-23 08:55'],['159']
['扬州工业职业技术学院2022年人才招聘公告'],['2022-11-22 21:04'],['182']
['安徽商贸职业技术学院2022年度高层次人才引进'],['2022-11-22 19:21'],['115']
['西安云脉智能技术有限公司'],['2022-11-22 16:36'],['235']
['哈尔滨理工大学（博士、硕士教师岗）招聘公告'],['2022-11-22 16:11'],['243']
['中建三局绿色产业投资有限公司'],['2022-11-22 16:07'],['176']
['华进知识产权2023秋季校招全国启动'],['2022-11-22 14:39'],['122']
['武汉东湖学院专任教师招聘'],['2022-11-22 14:14'],['134']
['2022年宁波幼儿师范高等专科学校（宁波教育学院）公开招聘高层次人才'],['2022-11-22 14:13'],['132']
['烟台华新不锈钢有限公司2023届校园招聘'],['2022-11-22 14:09'],['116']
['2022年秋季全国博士、硕士研究生空中视频双选会——西安电子科技大学站'],['2022-11-22 11:45'],['163']
['武汉中航传感技术有限责任公司2023（央企）校招公告'],['2022-11-22 10:47'],['244']
['厦门华厦学院2022年高层次人才招聘启事'],['2022-11-22 10:43'],['121']
['沪渝人工智能研究院'],['2022-11-22 09:36'],['229']
['上海柏楚电子科技股份有限公司'],['2022-11-22 09:19'],['160']
['华东微电子技术研究所（中国电子科技集团公司第四十三研究所）'],['2022-11-22 09:06'],['193']
['山东社会科学院2022年度博士后研究人员招收简章'],['2022-11-21 21:22'],['124']
['广州工商学院2022年高层次人才招聘启事'],['2022-11-21 15:42'],['117']
['成都职业技术学院2022“蓉漂人才荟”公开招聘10名人才公告'],['2022-11-21 14:14'],['222']
['汉航（北京）科技有限公司招聘进行中'],['2022-11-21 12:45'],['158']
['北京市朝阳区人力资源和社会保障局_“云招聘”精准助力大学生就业'],['2022-11-21 12:32'],['120']
['国家汽车质量检验检测中心（襄阳）2023届校园招聘简章'],['2022-11-21 12:21'],['119']
['辽宁科技大学2022年公开招聘高层次和急需紧缺人才'],['2022-11-21 11:45'],['109']
['嘉兴南湖学院2022年公开招聘高层次人才（团队）'],['2022-11-21 11:45'],['216']
['【高新技术国企】北京晨晶电子2023校招盛大启动'],['2022-11-21 10:40'],['318']
['宝尊电商招聘简章'],['2022-11-21 10:38'],['251']
['沪渝人工智能研究院'],['2022-11-21 10:29'],['289']
['AI芯片黑马校园招聘，邀你“真与”同行！'],['2022-11-21 10:27'],['286']
['横店集团得邦照明股份有限公司'],['2022-11-21 10:26'],['173']
['东莞市教育局赴武汉定点招聘延期开展'],['2022-11-21 08:58'],['177']
['山东工商学院经济学院人才引进公告'],['2022-11-20 11:27'],['174']
['东莞市教育局教师招聘（武汉专场）11月18日-23日网上报名'],['2022-11-19 17:44'],['165']
['常州工学院2022年人才招聘启事'],['2022-11-19 15:59'],['235']
['福建商学院2022-2023学年人才招聘信息'],['2022-11-19 11:03'],['141']
['超星集团2022秋季校园招聘'],['2022-11-18 17:43'],['477']
['宿迁学院2022年高层次人才招聘公告'],['2022-11-18 17:26'],['215']
['杭州极弱磁场重大科技基础设施研究院2023年校园招聘启事'],['2022-11-18 15:53'],['616']
['华芯巨数（杭州）微电子有限公司'],['2022-11-18 15:34'],['360']
['一汽解放发动机事业部2023届校招简章'],['2022-11-18 15:17'],['289']
['浙江宇翔职业技术学院2022年招聘公告'],['2022-11-18 14:47'],['395']
['2022年秋季全国博士、硕士研究生巡回签约洽谈会——西安电子科技大学站'],['2022-11-18 14:27'],['401']
['2022年秋季在陕知名高校毕业研究生双选会 参会公告'],['2022-11-18 14:23'],['428']
['2022年鞍山师范学院公开招聘博士研究生'],['2022-11-18 13:31'],['170']
['明亚保险经纪股份有限公司明亚启程营业部2022年招聘'],['2022-11-18 13:30'],['149']
['兴义民族 师范学院2022年人才引进公告'],['2022-11-18 13:06'],['182']
['2023年无锡高新区（新吴区）生物医药人才实训项目招生简章'],['2022-11-18 12:02'],['168']
['中国科学院广州能源研究所2022年人才招聘启事'],['2022-11-18 11:59'],['218']
['中国航天科工集团第六研究院41所（内蒙动力机械研究所）招聘'],['2022-11-18 11:58'],['327']
['西电-众阳健康科技集团有限公司23届校园招聘'],['2022-11-18 10:14'],['228']
['“创新突破，逐梦共赢”-睿微讯科IC设计伙伴招募中'],['2022-11-18 10:03'],['185']
['(新能源上市企业）宁波德业科技股份有限公司2023届校园招聘'],['2022-11-18 10:00'],['395']
['杭州华橙网络科技有限公司招聘公告'],['2022-11-18 09:39'],['284']
['民航西南空管局2023年应届毕业生秋季招聘公告'],['2022-11-18 09:18'],['610']
['中国石油大学（北京）克拉玛依校区2023年度招聘简章'],['2022-11-17 19:24'],['189']
['西元集团诚招精英加盟'],['2022-11-17 17:35'],['247']
['年轻 未来可期 ——浙江农商联合银行2023年校园招聘公告'],['2022-11-17 16:57'],['335']
['中国建筑材料工业地质勘查中心山西总队2022年招聘简章'],['2022-11-17 16:33'],['286']
['西安爱邦电磁技术有限责任公司'],['2022-11-17 16:33'],['320']
['光联万物，e起加速 —成都新易盛通信2023届校园招聘'],['2022-11-17 16:24'],['196']
['中国平安财产保险股份有限公司福建分公司'],['2022-11-17 16:08'],['202']
['“博聚楚天·共聚荆彩”2022年度湖北省博士后引才活动'],['2022-11-17 15:56'],['194']
['广州工程技术职业学院2022年引进急需专业人才公告'],['2022-11-17 14:54'],['197']
['全球招聘！科学岛诚邀海内外人才加盟！'],['2022-11-17 14:44'],['237']
['中国证券投资基金业协会2023年度校园招聘公告'],['2022-11-17 14:33'],['322']
['好未来-学而思2023校招宣讲会'],['2022-11-17 14:26'],['220']
['建信融通2023届秋季校园招聘正式开启'],['2022-11-17 14:22'],['393']
['内蒙古科技大学机械工程学院博士及高层次人才招聘'],['2022-11-17 13:37'],['151']
['安徽商贸职业技术学院2022年度下半年公开招聘'],['2022-11-17 13:37'],['147']
['长沙师范学院2022年人才招聘公告'],['2022-11-17 12:09'],['186']
['北京爱万提斯科技有限公司'],['2022-11-17 11:10'],['176']
['北京市顺义区雄恩数学培训学校2023届秋季校园招聘'],['2022-11-17 10:47'],['127']
['中国铁塔股份有限公司江西省分公司'],['2022-11-17 10:44'],['375']
['先临三维科技股份有限公司2023校园招聘'],['2022-11-17 10:43'],['194']
['远东控股集团有限公司2023年校园招聘'],['2022-11-17 10:40'],['201']
['赛思电子|2023届芯光共振•同频创未来校园招聘'],['2022-11-17 10:32'],['238']
['萍乡学院2022年高层次人才引进公告'],['2022-11-17 10:31'],['204']
['北京遥测技术研究所招聘信息'],['2022-11-17 10:19'],['346']
['中安国泰（北京）科技发展有限公司'],['2022-11-17 09:52'],['252']
['吉首大学张家界学院2022年教师招聘公告'],['2022-11-17 09:43'],['205']
['云南云天化股份有限公司2022年博士招聘公告'],['2022-11-16 21:10'],['140']
['湖南省农村信用社联合社2023年度金融科技人才 校园招聘公告'],['2022-11-16 20:20'],['217']
['北京逐风科技有限公司'],['2022-11-16 18:21'],['214']
['深圳市蓝禾技术有限公司2023届校园招聘简章'],['2022-11-16 18:09'],['210']
['极氪智能科技用户端 2023 届校园招聘简章'],['2022-11-16 17:53'],['225']
['中国化学工程第七建设有限公司成都分公司2023年校园招聘'],['2022-11-16 17:04'],['195']
['(新能源上市企业）宁波德业科技股份有限公司2023届校园招聘'],['2022-11-16 16:35'],['349']
['重庆市铁路（集团）有限公司2023校园招聘简章'],['2022-11-16 16:23'],['389']
['世界百强-恒力(南通)产业园2023校园招聘空中宣讲'],['2022-11-16 15:59'],['175']
['成都嘉纳海威科技有限责任公司'],['2022-11-16 15:45'],['308']
['【卓镭激光】2023届校园招聘'],['2022-11-16 15:36'],['170']
['山东省计算中心2022年诚聘海内外优秀英才'],['2022-11-16 14:43'],['265']
['华润雪花啤酒2023届管培生招聘'],['2022-11-16 14:13'],['199']
['衡水学院2022年公开招聘博士'],['2022-11-16 13:49'],['281']
['海军潜艇学院2023年面向社会公开招考文职人员预告！！！'],['2022-11-16 13:48'],['342']
['权威发布！2023年火箭军工程大学人才引进预告'],['2022-11-16 13:17'],['224']
['枣庄学院2022年人才招聘简章'],['2022-11-16 11:32'],['148']
['三一重能2023届秋季校园招聘网申倒计时'],['2022-11-16 11:25'],['272']
['安徽工业大学2022年度高层次人才招聘预公告'],['2022-11-16 10:26'],['344']
['郑煤机集团2023校园招聘简章'],['2022-11-16 10:08'],['185']
['浪潮集团2023届博士招聘简章'],['2022-11-16 09:28'],['238']
['特变电工新疆新能源股份有限公司2023届校园招聘简章'],['2022-11-15 19:21'],['262']
['宁波银行股份有限公司无锡分行'],['2022-11-15 19:19'],['218']
['中国系统2023校园招聘-营销培训生项目启动'],['2022-11-15 17:58'],['236']
['国泰君安「数字化人才专场」2023届秋季校园招聘现已火热启动！'],['2022-11-15 17:18'],['263']
['恒玄科技（上海）股份有限公司'],['2022-11-15 16:24'],['289']
['航空工业陕飞2023届人才招聘持续进行'],['2022-11-15 16:05'],['473']
['【空中宣讲】国网电力空间技术有限公司2023年校园招聘'],['2022-11-15 15:53'],['265']
['2022重庆英才大会 “潮涌南州·綦聚英才” 2022年綦江区招才引智活动线上专场'],['2022-11-15 15:36'],['161']
['先导稀材科技集团有限公司'],['2022-11-15 15:22'],['242']
['中建科技集团华南有限公司2023届校园招聘'],['2022-11-15 15:20'],['173']
['杭州罗莱迪思科技股份有限公司2023届校园招聘简章'],['2022-11-15 14:44'],['248']
['泰开集团2023届大学生招聘'],['2022-11-15 13:30'],['254']
['河南航空港投资集团有限公司2023届校园招聘公告'],['2022-11-15 12:56'],['207']
['滨州学院2022年高层次人才公开招聘简章 （长期招聘岗位）'],['2022-11-15 11:08'],['158']
['泰州学院2022年高层次人才招聘启事'],['2022-11-15 11:07'],['143']
['潍坊科技学院2022年高层次人才招聘公告'],['2022-11-15 10:23'],['283']
['国家电网有限公司信息通信分公司2023年招聘高校毕业生公告（第一批）'],['2022-11-15 10:16'],['469']
['深圳证券交易所及其下属单位 2022年度信息技术专业人员招聘启事'],['2022-11-15 10:15'],['165']
['腾盛金融科技2023校招进行时！'],['2022-11-15 10:04'],['196']
['烟台东方威思顿电气有限公司2023届校园招聘简章'],['2022-11-15 07:50'],['194']
['智汇航天 物联世界 航天物联网技术有限公司2023校园招聘'],['2022-11-14 22:55'],['359']
['做数据先锋青年 逐浪数据管理星海！同学，欢迎加入！- DataPipeline校园招聘全面开启~'],['2022-11-14 17:46'],['135']
['杭州老板电器股份有限公司23届校园招聘'],['2022-11-14 17:07'],['233']
['苏州精控能源科技有限公司2023届“新元力”计划校园招聘'],['2022-11-14 16:25'],['322']
['【央企直聘】西北电力设计院2023年招聘公告'],['2022-11-14 16:06'],['316']
['粤港澳大湾区国家技术创新中心 工业软件产业发展中心2023秋季校园招聘简章'],['2022-11-14 15:54'],['508']
['贵州省2022年赴知名高校引才活动 人才需求发布'],['2022-11-14 15:52'],['298']
['华泰证券2023分支机构校园招聘持续进行中！'],['2022-11-14 15:46'],['222']
['面向理工科招聘（零起点培训，10大城市任选）'],['2022-11-14 15:45'],['262']
['“农”纳英才 “信”筑未来 ——南安农商银行招聘30名新员工'],['2022-11-14 15:42'],['150']
['银川威力传动技术股份有限公司'],['2022-11-14 15:34'],['212']
['众合科技2023届秋季校园招聘简章'],['2022-11-14 15:24'],['400']
['西安近代化学研究所2023校园招聘'],['2022-11-14 15:19'],['289']
['50家知名企业“云端”招贤打破时间空间限制 朝阳区“隔空送岗”促就业服务不断线'],['2022-11-14 15:18'],['169']
['就选烟台·青春无忧 烟台市青年人才百校千企“云聘会”邀请您参与'],['2022-11-14 15:03'],['130']
['浙江三花汽车零部件有限公司'],['2022-11-14 14:48'],['197']
['卧龙控股集团有限公司2023年校园招聘'],['2022-11-14 14:46'],['187']
['日照银行2023届（秋季）校园招聘启事'],['2022-11-14 14:36'],['157']
['深圳城安院全球揽才博士后招聘'],['2022-11-14 14:35'],['169']
['广邀海内外博士参加2022年“百万英才兴重庆”博士渝行周——走进西部（重庆）科学城暨第二 届海内外半导体博士精英挑战赛'],['2022-11-14 14:32'],['142']
['爱驰汽车2023届秋季校园招聘简章'],['2022-11-14 12:22'],['331']
['湖南高尔夫旅游职业学院2022招聘'],['2022-11-14 11:49'],['155']
['安徽财经大学2022年度高层次人才公开招聘'],['2022-11-14 11:49'],['218']
['象道物流集团有限公司 2023年秋季校园招聘'],['2022-11-14 11:41'],['197']
['宏工科技股份有限公司2023届校园招聘简章'],['2022-11-14 11:32'],['246']
['2023届校招安徽江汽物流有限公司'],['2022-11-14 11:26'],['176']
['象屿2023年秋季校园招聘'],['2022-11-14 11:25'],['274']
['公牛集团股份有限公司2023校园招聘——陕西站'],['2022-11-14 11:02'],['232']
['德勤华永会计师事务所（特殊普通合伙）重庆分所'],['2022-11-14 10:59'],['172']
['中建方圆华东城市开发建设有限公司2023届“开拓者”校园招聘简章'],['2022-11-14 10:53'],['156']
['湖州职业技术学院2022下半年博士暨中高级人才RPO线上面试会'],['2022-11-14 10:52'],['134']
['星宇股份 2023 校园招聘'],['2022-11-14 10:51'],['213']
['中国外汇交易中心 2023年度工作人员招聘公告'],['2022-11-14 10:44'],['541']
['四川省巴中市2022年赴知名高校引才补充公告（一）'],['2022-11-14 10:28'],['147']
['潍柴雷沃智慧农业2023年校园招聘简章'],['2022-11-14 09:42'],['169']
['辽宁工程技术大学2022下半年博士暨中高级人才RPO线上面试会'],['2022-11-14 09:32'],['135']
['智时代·赢未来 潍柴2023年校园招聘简章'],['2022-11-14 09:22'],['194']
['山东某机关青岛直属机构公务员预选通知'],['2022-11-14 09:10'],['325']
['东莞市教育局关于公布西安专场招聘二次报名岗位的通知'],['2022-11-14 08:52'],['167']
['成都涵道科技有限公司'],['2022-11-13 23:18'],['353']
['中国石化大连石油化工研究院全球招聘人才公告'],['2022-11-13 21:31'],['148']
['电子科技大学重庆微电子产业技术研究院2022年人才招聘公告'],['2022-11-13 20:32'],['285']
['2023年度青岛市专项招录公务员公告'],['2022-11-13 11:38'],['1266']
['陕西科技大学2022年博士后研究人员招收公告'],['2022-11-13 11:11'],['157']
['重庆工业职业技术学院2022年人才招聘公告'],['2022-11-12 19:58'],['142']
['未来“芯”车手，等你来领航——湖南北云科技2023校园招聘'],['2022-11-12 15:50'],['179']
['南宁职业技术学院2022年公开招聘博士研究生公告'],['2022-11-12 11:06'],['132']
['中国青岛国际经济技术合作（集团）有限公司'],['2022-11-11 19:36'],['175']
['北京逐风科技有限公司'],['2022-11-11 18:18'],['143']
['德州学院2022下半年博士暨中高级人才RPO线上面试会'],['2022-11-11 17:30'],['174']
['建安控股集团“建证梦想 共赢未来” 2023届校园招聘简章'],['2022-11-11 17:21'],['301']
['广东省特种设备检测研究院2022下半年博士暨中高级人才RPO线上面试会'],['2022-11-11 16:51'],['183']
['中冶武勘工程技术有限公司2023年校园招聘'],['2022-11-11 16:47'],['236']
['西安中科微精光子制造科技有限公司23届校招招聘简章'],['2022-11-11 16:19'],['490']
['基蛋生物科技股份有限公司'],['2022-11-11 16:01'],['290']
['浙江湖州飞航智能技术研究中心有限公司'],['2022-11-11 16:00'],['240']
['“一起来埃斯顿研究运动控制与机器人”2023全球校园招聘启动（研发类）'],['2022-11-11 15:35'],['376']
['燕山大学2022年诚聘海内外优秀人才'],['2022-11-11 14:20'],['294']
['国家高性能医疗器械创新中心2023年校园招聘公告'],['2022-11-11 13:54'],['264']
['安徽工程大学博士后招聘|坐标长三角地区，年薪上不封顶'],['2022-11-11 13:10'],['168']
['广东海洋大学阳江校区2022年度招才引智'],['2022-11-11 13:10'],['174']
['2022年重庆英才大会“博汇巴渝.智创未来”博士后全球 招收活动报名开启'],['2022-11-11 13:00'],['152']
['肇庆联通2023年校园招聘'],['2022-11-11 11:31'],['193']
['公安部第三研究所 2023届应届生招聘'],['2022-11-11 11:02'],['619']
['浙江新安化工集团股份有限公司2023届校园招聘'],['2022-11-11 09:57'],['171']
['2023年海淀进校教育集团招聘'],['2022-11-10 20:05'],['263']
['广汽商贸2023校园招聘简章'],['2022-11-10 18:44'],['295']
['佛山市联动科技股份有限公司 2023届校园招聘简章'],['2022-11-10 18:38'],['206']
['深圳市吉迩科技有限公司'],['2022-11-10 17:49'],['300']
['北京逐风科技有限公司'],['2022-11-10 17:34'],['260']
['德勤2023秋招火热进行中！（计算机、统计学同学看过来！）'],['2022-11-10 17:16'],['269']
['南通职业大学2022年公开招聘高层次人才公告'],['2022-11-10 17:04'],['259']
['中建三局绿色产业投资有限公司校招'],['2022-11-10 16:48'],['823']
['国防科技大学气象海洋学院面向海内外诚聘博士后'],['2022-11-10 16:40'],['199']
['中国平安财产保险股份有限公司福建分公司'],['2022-11-10 16:27'],['206']
['中国银联博士后科研工作站2023年度博士后招收简章'],['2022-11-10 16:23'],['121']
['光联万物，e起加速 —成都新易盛通信2023届校园招聘'],['2022-11-10 16:22'],['221']
['谦信化工集团有限公司'],['2022-11-10 15:41'],['341']
['广西科技大学2022年人才招聘公告'],['2022-11-10 14:50'],['320']
['中建八局装饰工程有限公司'],['2022-11-10 14:22'],['216']
['桂林电子科技大学2022年人才招聘启事'],['2022-11-10 13:13'],['322']
['北京市朝阳区2022年秋季高校毕业生就业招聘活动'],['2022-11-10 11:26'],['212']
['佛山市联动科技股份有限公司 2023届校园招聘简章'],['2022-11-10 11:25'],['229']
['西安欧亚学院2023年教师校园招聘'],['2022-11-10 11:22'],['400']
['先进科技（中国）有限公司2023校园招聘补录'],['2022-11-10 11:21'],['370']
['天津中德应用技术大学2022年博士学位教师岗位工作人员公开招聘'],['2022-11-10 11:17'],['190']
['年薪60万 延安大学“延河学者·特聘教授”引进计划'],['2022-11-10 11:17'],['145']
['东莞市教育局东莞市教育局2022年下半年赴西安定点公开招聘事业编制教师（毕业生）补充公告'],['2022-11-10 09:18'],['174']
['哈尔滨理工大学（博士、硕士教师岗）招聘公告'],['2022-11-09 18:09'],['235']
['银盛科技服务集团有限公司2023秋季校园招聘'],['2022-11-09 17:43'],['299']
['先临三维科技股份有限公司2023校园招聘'],['2022-11-09 17:30'],['131']
['北京逐风科技有限公司'],['2022-11-09 17:00'],['149']
['山东众阳健康科技集团有限公司2023届校招简章'],['2022-11-09 16:12'],['189']
['2022重庆英才大会 “潮涌南州.綦聚英才” 2022年綦江区招才引智活动成都专场'],['2022-11-09 15:41'],['134']
['湖南财信金融控股集团有限公司 2023届“晨星计划”全球校园招聘简章'],['2022-11-09 15:20'],['453']
['中建安装集团有限公司2023届校园招聘简章'],['2022-11-09 15:05'],['133']
['Whale 帷幄 2023届校园招聘简章'],['2022-11-09 15:04'],['171']
['潍坊银行2023年校园招聘启事（秋季）'],['2022-11-09 15:00'],['183']
['苏州广播电视总台2022年度校园招聘简章'],['2022-11-09 14:46'],['166']
['【第四场】高校人才网2022下半年博士暨中高级人才RPO线上面试会邀请函'],['2022-11-09 14:15'],['202']
['阳光电源2023届全球营销校园招聘'],['2022-11-09 13:44'],['327']
['万安集团有限公司'],['2022-11-09 12:52'],['320']
['山东电力设备有限公司2023届高校毕业生招聘简章'],['2022-11-09 10:41'],['234']
['天府兴隆湖实验室2023年校园招聘'],['2022-11-09 10:31'],['568']
['【卓镭激光】2023届校园招聘'],['2022-11-09 10:28'],['357']
['火星人厨具股份有限公司'],['2022-11-09 10:26'],['192']
['Lazada 2023届校园招聘'],['2022-11-09 10:24'],['282']
['广州印芯半导体技术有限公司'],['2022-11-09 09:46'],['234']
['衡阳镭目科技有限责任公司'],['2022-11-09 09:36'],['140']
['湖北省招标股份有限公司2023秋季校园招聘简章'],['2022-11-09 09:32'],['165']
['【山东上市公司】英科再生2023届校园招聘简章'],['2022-11-08 22:50'],['174']
['中国邮政集团有限公司河北省分公司2023年校园招聘公告'],['2022-11-08 20:11'],['363']
['做数据先锋青年 逐浪数据管理星海！同学，欢迎加入！- DataPipeline校园招聘全面开启~'],['2022-11-08 17:52'],['273']
['福州大学博士后科研流动站2022年人才招聘计划'],['2022-11-08 16:52'],['168']
['中国航天科工集团第六研究院41所-23年招聘公告'],['2022-11-08 16:42'],['499']
['深圳市索菱实业股份有限公司'],['2022-11-08 16:01'],['205']
['烟台华新不锈钢有限公司2023届校园招聘'],['2022-11-08 15:48'],['208']
['鹏城实验室2022年博士后全球招募'],['2022-11-08 15:40'],['208']
['中国移动国际有限公司2023年校园招聘公告（全球管培生计划）'],['2022-11-08 15:32'],['472']
['无锡中微腾芯电子有限公司2023招聘i信息'],['2022-11-08 15:11'],['311']
['临沂大学自动化与电气工程学院2022年高层次人才招聘启事'],['2022-11-08 14:21'],['160']
"['""活力向上·给世界力量”——宁夏伊利乳业有限责任公司2023年校园招聘及社会招聘']",['2022-11-08 12:20'],['139']
['江西科技学院2022年-2023学年人才招聘'],['2022-11-08 11:29'],['279']
['江西环境工程职业学院2022年博士研究生招聘'],['2022-11-08 11:28'],['137']
['(央企单位)湖南大唐先一科技有限公司2023应届毕业生招聘'],['2022-11-08 10:39'],['261']
['兴华基金管理有限公司11月8日最新招聘简章'],['2022-11-08 10:30'],['187']
['伊利集团奶粉事业部2023年校园招聘'],['2022-11-08 10:22'],['171']
['三一重能校招空宣，offer冲刺倒计时'],['2022-11-08 10:15'],['247']
['【航空工业华燕秋季招聘火热进行中！11月10、11日空中宣讲会】 一起导向未来世界 航空工业华燕校园招聘宣讲会启动啦'],['2022-11-08 09:54'],['261']
['【航空工业华燕秋季招聘启动！11月17、18空中宣讲会】 一起导向未来世界 航空工业华燕校园招聘宣讲会启动啦'],['2022-11-08 09:49'],['214']
['枣庄学院2022年人才招聘简章'],['2022-11-07 22:03'],['110']
['广纳英才，携手共创世界一流大学——中法航空大学'],['2022-11-07 21:31'],['157']
['2023年 无 锡 市 公 开 选 调 海 内 外 优 秀 青 年 人 才 公 告'],['2022-11-07 20:19'],['235']
['中信保诚人寿保险有限公司2023校园招聘简章'],['2022-11-07 20:18'],['187']
['山东省鲁信投资控股集团有限公司 2023年度校园招聘简章'],['2022-11-07 20:15'],['160']
['2022年福建水利电力职业技术学院 专项公开招聘高层次人才方案'],['2022-11-07 19:23'],['101']
['北京逐风科技有限公司'],['2022-11-07 18:05'],['169']
['【新央企】中国电气装备许继集团有限公司2023年校园招聘公告'],['2022-11-07 17:30'],['490']
['华进知识产权2023秋季校招全国启动'],['2022-11-07 17:29'],['203']
['鄂尔多斯市康巴什区2023年校园招聘公告'],['2022-11-07 16:12'],['269']
['“梦想靠岸”招商银行佛山分行2023校园招聘启事（冬季场）'],['2022-11-07 15:19'],['175']
['微众银行 “理财生计划”2023届校园招聘'],['2022-11-07 15:08'],['281']
['大华（集团）有限公司2023秋季校园招聘'],['2022-11-07 15:02'],['340']
['【博出高能未来】 博能传动2023届秋季校园招聘'],['2022-11-07 13:44'],['219']
['合力泰科技股份有限公司2023届校园招聘简章'],['2022-11-07 12:15'],['427']
['汉航（北京）科技有限公司招聘进行中'],['2022-11-07 11:55'],['175']
['西昌学院2022年考核招聘博士人才（最新）'],['2022-11-07 11:52'],['154']
['天津仁爱学院2022年思想政治辅导员招聘'],['2022-11-07 11:52'],['170']
['金海通半导体设备股份有限公司 上海分公司招聘简章'],['2022-11-07 11:35'],['240']
['【央企高薪】国网电力空间技术有限公司2023年校园招聘'],['2022-11-07 11:22'],['625']
['泰开集团有限公司2023校园招聘'],['2022-11-07 11:10'],['362']
['成都职业技术学院2022“蓉漂人才荟”公开招聘高层次人才公告'],['2022-11-07 10:48'],['723']
['战略支援部队某直属部队招录应届优秀大学毕业生公告'],['2022-11-07 10:34'],['2190']
['中国石油化工股份有限公司茂名分公司'],['2022-11-07 10:27'],['236']
['中物院软件中心2023秋招（绵阳/成都/北京）'],['2022-11-07 09:30'],['247']
['中国汽车技术研究中心有限公司2023校园招聘'],['2022-11-07 09:03'],['437']
['来，做硬科技少年 中科云谷科技有限公司（中联重科工业互联网板块） 2023届秋季校园招聘简章'],['2022-11-07 08:56'],['314']
['华南农业大学—韶关学院博士后创新实践基地2022年招聘信息'],['2022-11-06 21:39'],['256']
['盈康一生 2023届校园招聘'],['2022-11-06 20:42'],['188']
['湖州学院2022年诚聘高层次人才（教师）公告'],['2022-11-06 17:54'],['519']
['扬州大学2022年海内外优秀人才招聘公告'],['2022-11-06 15:17'],['566']
['泰开集团有限公司2023届大学生校园招聘'],['2022-11-05 13:31'],['188']
['国家移民管理局出入境管理信息技术研究所 2023年应届毕业生招聘信息'],['2022-11-04 18:04'],['245']
['广州芯德通信科技股份有限公司'],['2022-11-04 16:46'],['390']
['深圳市银宝山新科技股份有限公司管培生招聘简章'],['2022-11-04 16:40'],['211']
['成都成飞航空产业发展有限责任公司2023校园招聘'],['2022-11-04 16:04'],['834']
['浙江金乙昌科技股份有限公司'],['2022-11-04 16:02'],['225']
['北京世纪好未来教育科技有限公司2023届校园招聘简章'],['2022-11-04 16:01'],['252']
['做数据先锋青年 逐浪数据管理星海！同学，欢迎加入！- DataPipeline校园招聘全面开启~'],['2022-11-04 15:49'],['222']
['华芯巨数（杭州）微电子有限公司2023届校园招聘公告'],['2022-11-04 14:38'],['347']
['北京市顺义区雄恩数学培训学校2023届秋季校园招聘'],['2022-11-04 14:32'],['113']
['菲森科技 2023届秋季校园招聘简章'],['2022-11-04 14:00'],['361']
['联咏电子科技（西安）有限公司2023届校园招聘--双休'],['2022-11-04 13:42'],['695']
['东软教育科技集团2023届秋季校园招聘'],['2022-11-04 13:19'],['263']
['黑芝麻智能2023届校园招聘'],['2022-11-04 11:37'],['409']
['辽宁交投艾特斯智能交通技术有限公司 2022-2023年应届高校毕业生招聘公告'],['2022-11-04 11:22'],['396']
['河南开放大学（郑州信息科技职业学院）公开引进高层次人才工作方案'],['2022-11-04 11:15'],['176']
['天津市教育科学研究院2022年公开招聘博士'],['2022-11-04 11:15'],['160']
['中航西安飞机工业集团股份有限公司招聘简章（博士招聘）'],['2022-11-04 10:39'],['436']
['福建（泉州）哈工大工程技术研究院 2022年秋季招聘简章'],['2022-11-04 10:34'],['182']
['内蒙古伊利实业集团股份有限公司液态奶事业部2023年校园招聘'],['2022-11-03 22:09'],['208']
['新乡航空工业（集团）有限公司2023届秋季招聘'],['2022-11-03 19:01'],['369']
['做数据先锋青年 逐浪数据管理星海！同学，欢迎加入！- DataPipeline校园招聘全面开启~'],['2022-11-03 17:56'],['177']
['石头科技2023年校园招聘简章'],['2022-11-03 17:19'],['579']
['华劲集团2023校园招聘'],['2022-11-03 16:38'],['423']
['深空探测实验室2023校园招聘'],['2022-11-03 16:18'],['469']
['Job One 2022高校专属校招求职平台'],['2022-11-03 16:18'],['217']
['四川省巴中市2022年赴知名高校引才公告'],['2022-11-03 16:14'],['188']
['文以载道，书以致远 ——逐梦圆梦，湖南出版 湖南出版投资控股集团&中南出版传媒集团 2022年校园招聘'],['2022-11-03 16:12'],['173']
['华融湘江银行2022年分行招聘'],['2022-11-03 15:58'],['223']
['2023届博思软件秋季校园招聘'],['2022-11-03 15:22'],['276']
['光联万物，e起加速 —成都新易盛通信2023届校园招聘'],['2022-11-03 15:15'],['207']
['江西工程学院2022年人才招聘公告'],['2022-11-03 14:34'],['204']
['安徽师范大学2022年度人才招聘'],['2022-11-03 14:14'],['203']
['辽宁工业大学2022年招聘计划'],['2022-11-03 14:14'],['159']
['安波电机2022秋季校园招聘'],['2022-11-03 13:59'],['193']
['新能之梦 一道同行'],['2022-11-03 11:48'],['179']
['深圳迈瑞生物医疗电子股份有限公司'],['2022-11-03 11:28'],['476']
['中国科学院微小卫星创新研究院 2023届校园招聘持续进行中'],['2022-11-03 11:26'],['238']
['博士人才招引-航空工业雷达所2023届校园招聘'],['2022-11-03 10:33'],['189']
['湖南财信金融控股集团有限公司 2023届“晨星计划”全球校园招聘简章'],['2022-11-03 10:18'],['405']
['江苏希西维轴承有限公司2023届校园招聘'],['2022-11-03 09:45'],['299']
['民航浙江空管分局2023年度应届高校毕业生招聘公告'],['2022-11-02 22:35'],['244']
['北京逐风科技有限公司'],['2022-11-02 18:04'],['198']
['中国对外贸易中心集团有限公司'],['2022-11-02 17:10'],['212']
['先临三维科技股份有限公司2023校园招聘'],['2022-11-02 16:51'],['144']
['西安正扬航成科技有限公司'],['2022-11-02 16:27'],['359']
['雨润控股集团有限公司'],['2022-11-02 16:24'],['161']
['青岛鼎信通讯 2023 届校园招聘简章'],['2022-11-02 15:47'],['217']
['中联重科土方机械公司2023届校园招聘'],['2022-11-02 14:59'],['156']
['北京知风云数据股份有限公司 北京知本创业管理咨询有限公司 招聘信息'],['2022-11-02 14:59'],['143']
['福州外语外贸学院向海内外诚聘英才'],['2022-11-02 14:58'],['128']
['(央企单位)湖南大唐先一科技有限公司2023应届毕业生招聘'],['2022-11-02 14:38'],['232']
['四川华西集团有限公司'],['2022-11-02 14:03'],['178']
['亳州学院2022年高层次人才招聘'],['2022-11-02 13:33'],['150']
['商丘工学院专职实验技术人员招聘启事'],['2022-11-02 13:33'],['158']
['中车株洲电力机车研究所有限公司2023届秋季校园招聘空中宣讲'],['2022-11-02 13:20'],['199']
['山东国金汽车制造有限公司'],['2022-11-02 11:11'],['268']
['兴华基金管理有限公司校园招聘启事'],['2022-11-02 11:10'],['152']
['筑梦者 | 杭州数梦工场市场体系2023届秋季校园招聘'],['2022-11-02 10:50'],['123']
['青岛智腾微电子有限公司2022-2023年招聘简章'],['2022-11-02 10:29'],['273']
['昆药集团·2023校园招聘公告'],['2022-11-02 10:28'],['281']
['山东临工2023校园招聘西北高校空中宣讲会'],['2022-11-02 10:27'],['145']
['中国船舶集团连云港杰瑞电子有限公司 2023年招聘简章'],['2022-11-02 08:57'],['279']
['烟台东方威思顿电气有限公司2023届校园招聘简章'],['2022-11-02 08:21'],['155']
['广西师范大学2022年人才招聘公告'],['2022-11-01 21:02'],['292']
['宁波大学2022年公开招聘人才公告'],['2022-11-01 21:00'],['263']
['中国一汽2023全球校园招聘'],['2022-11-01 19:12'],['427']
['做数据先锋青年 逐浪数据管理星海！同学，欢迎加入！- DataPipeline校园招聘全面开启~'],['2022-11-01 18:45'],['124']
['康龙化成2023校园招聘 —化学、药学、化工与制药、生物、医学、材料专业'],['2022-11-01 17:37'],['232']
['中国铁道科学研究院集团有限公司通信信号研究所'],['2022-11-01 16:24'],['430']
['新苗计划------宁夏联通2023校园招聘'],['2022-11-01 16:20'],['231']
['上海期货信息技术有限公司 2023校园招聘简章'],['2022-11-01 15:52'],['401']
['运城职业技术大学2023年招聘公告'],['2022-11-01 15:44'],['516']
['甘肃银行2023年度校园招聘公告'],['2022-11-01 15:36'],['325']
['空军特色医学中心2023年文职人员招录预告'],['2022-11-01 15:34'],['269']
['合肥伊利乳业有限责任公司'],['2022-11-01 14:57'],['176']
['达州银行股份有限公司 2023年校园招聘公告'],['2022-11-01 14:57'],['241']
['山西晋中理工学院2022年招聘简章'],['2022-11-01 14:50'],['230']
['中国人民解放军第五三一一工厂校园招聘'],['2022-11-01 14:37'],['411']
['秦华热力集团有限公司校招'],['2022-11-01 14:31'],['258']
['中国邮政集团有限公司湖南省分公司2023年度秋季校园招聘'],['2022-11-01 14:30'],['344']
['睿能科技2023届校招全面启动'],['2022-11-01 14:07'],['377']
['中国能源建设集团安徽省电力设计院有限公司 2023年度高校应届毕业生招聘公告'],['2022-11-01 14:06'],['249']
['湖州学院2022年诚聘人才（教师）公告'],['2022-11-01 13:28'],['226']
['杭州职业技术学院2022年公开招聘专业教师、高层次人才'],['2022-11-01 13:17'],['270']
['河南科技学院2022年诚聘优秀博士人才'],['2022-11-01 13:16'],['371']
['数字未来 由你定义 ——浙江农商联合银行2023年校园招聘公告'],['2022-11-01 11:36'],['312']
['湖南省轻工盐业集团2023校园招聘'],['2022-11-01 11:16'],['227']
['龙双利达2023届秋季校园招聘简章'],['2022-11-01 10:48'],['222']
['深城交2023届校园招聘全面启动——智造你的理想城'],['2022-11-01 10:18'],['242']
['中国铁塔股份有限公司陕西省分公司2023秋季校园招聘'],['2022-11-01 09:15'],['444']
['众阳健康科技集团有限公司23届校招简章'],['2022-11-01 08:47'],['172']
['宁波银行股份有限公司绍兴分行2022年秋季校园招聘'],['2022-11-01 00:06'],['180']
['【山东上市公司】英科再生2023届校园招聘简章'],['2022-10-31 22:48'],['143']
['徐州工程学院2022年人才引进政策及计划'],['2022-10-31 20:55'],['154']
['做数据先锋青年 逐浪数据管理星海！同学，欢迎加入！- DataPipeline校园招聘全面开启~'],['2022-10-31 17:43'],['172']
['成都天府软件园2022年秋季线上招聘会公告'],['2022-10-31 16:30'],['214']
['中国铁塔甘肃省分公司2023年校园招聘'],['2022-10-31 15:53'],['156']
['中建八局浙江建设有限公司2023校园招聘'],['2022-10-31 14:25'],['168']
['白象食品2023年校园招聘简章'],['2022-10-31 14:07'],['197']
['中国南方航空2023届秋季校园招聘'],['2022-10-31 13:53'],['1030']
['中国证券登记结算有限责任公司 2023年度信息技术专业人员招聘公告'],['2022-10-31 13:44'],['199']
['永赢基金管理有限公司2023年校园招聘'],['2022-10-31 13:12'],['161']
['全国文化企业30强\u2003江西省管重点文化企业 江西出版传媒集团诚招天下英才'],['2022-10-31 11:54'],['125']
['河北民族师范学院诚聘海内外优秀青年博士'],['2022-10-31 11:53'],['133']
['山西医科大学刘鹏教授课题组招聘研究员、博士后、科研助理等研究人员'],['2022-10-31 11:53'],['115']
['西人马科技2023校园招聘 ——创梦西人马，引领“芯”希望'],['2022-10-31 11:42'],['396']
['不定义，“自”精彩——中冶南方（武汉）自动化有限公司2023届秋季校园招聘'],['2022-10-31 11:07'],['173']
['苏银金融租赁股份有限公司2023届校园招聘公告'],['2022-10-31 10:56'],['143']
['北京中遥智图科技有限公司实习生招聘启事'],['2022-10-31 10:48'],['171']
['校纳英才 筑梦江北 南京·江北新区2023校园招聘'],['2022-10-31 10:27'],['153']
['中国电建集团贵州电力设计研究院有限公司'],['2022-10-31 10:27'],['153']
['中建八局西北公司23届秋季校园招聘'],['2022-10-31 10:25'],['183']
['埃普猎头校园招聘开启啦 ！'],['2022-10-31 10:06'],['150']
['中国铁塔2023年秋季校园招聘'],['2022-10-31 09:22'],['2561']
['四川九洲空管科技有限责任公司 招聘简章'],['2022-10-31 09:15'],['203']
['河南省通信建设管理咨询有限公司 2023年校园招聘简章'],['2022-10-31 09:08'],['182']
['亿联银行2023年校园招聘'],['2022-10-30 23:18'],['150']
['中国电子科技集团公司第九研究所2022-2023年校园招聘'],['2022-10-30 22:35'],['311']
['广州市建筑集团2022年博士后招聘公告'],['2022-10-30 20:23'],['136']
['中科九微科技有限公司'],['2022-10-30 15:25'],['207']
['渤海大学招聘物理教师（省属事业编、硕士）'],['2022-10-30 12:22'],['173']
['常州大学2022年人才招聘启事'],['2022-10-29 11:05'],['98']
['广东万和新电气股份有限公司2023届校园招聘'],['2022-10-29 09:44'],['149']
['成都星时代宇航科技有限公司'],['2022-10-28 20:28'],['530']
['新疆和谐房地产开发有限公司2023校园招聘'],['2022-10-28 18:40'],['198']
['中国电子科技集团公司电子科学研究院2023届招聘简章'],['2022-10-28 17:46'],['749']
['中国铁塔浙江省分公司2023校园招聘'],['2022-10-28 17:41'],['766']
['万博科技职业学院2022年招聘启事'],['2022-10-28 17:34'],['225']
['2023年度中国对外贸易中心集团有限公司人才招聘'],['2022-10-28 17:25'],['406']
['万华化学集团2023秋季校园招聘'],['2022-10-28 17:12'],['288']
['湖南财政经济学院2022年人才引进招聘启事'],['2022-10-28 17:02'],['180']
['安徽江汽物流有限公司2023届校园招聘'],['2022-10-28 16:37'],['179']
['中国民用航空三亚空中交通管理站2023届高校毕业生公开招聘公告'],['2022-10-28 15:48'],['290']
['中建七局土木工程公司2023届校园招聘'],['2022-10-28 15:19'],['197']
['华芯巨数（杭州）微电子有限公司'],['2022-10-28 14:47'],['356']
['中国铁道科学研究院集团有限公司金属及化学研究所'],['2022-10-28 14:34'],['321']
['北京中遥智图科技有限公司人才招聘启事'],['2022-10-28 14:18'],['223']
['中国民用航空青岛空中交通管理站 2023届高校毕业生招聘公告'],['2022-10-28 13:42'],['786']
['理想汽车2023校园招聘火热进行中'],['2022-10-28 13:14'],['324']
['深圳市蓝禾技术有限公司2023届校园招聘简章'],['2022-10-28 12:00'],['336']
['江西服装学院高层次人才招聘启事'],['2022-10-28 11:37'],['151']
['北海康养职业学院2022年度教师招聘简章'],['2022-10-28 11:36'],['140']
['瓜子技术团队2023年校园招聘'],['2022-10-28 11:27'],['294']
['隧道股份水务建设2023届校园招聘'],['2022-10-28 11:15'],['142']
['“芯”汇斯达，筑梦未来斯达半导体2023年度校园招聘简章'],['2022-10-28 10:51'],['299']
['青岛中德生态园管理委员会'],['2022-10-28 09:43'],['141']
['光联万物，e起加速 —成都新易盛通信2023届校园招聘'],['2022-10-28 09:26'],['181']
['江苏科技大学2022年诚聘海内外优秀人才'],['2022-10-27 19:41'],['152']
['辽宁工程技术大学2022年招聘人才公告'],['2022-10-27 19:41'],['151']
['隆基绿能科技股份有限公司 全球营销中心2023届校园招聘简章'],['2022-10-27 18:42'],['263']
['西安羚控电子科技有限公司2023校园招聘公告'],['2022-10-27 18:17'],['869']
['做数据先锋青年 逐浪数据管理星海！同学，欢迎加入！- DataPipeline校园招聘全面开启~'],['2022-10-27 18:08'],['161']
['民航汕头空管站 2023届高校毕业生公开招聘公告'],['2022-10-27 18:00'],['251']
['福建省邮电规划设计院有限公司2023届校园招聘'],['2022-10-27 17:58'],['141']
"['Vesync2023届校招｜来VeSync,做美好生活智造家']",['2022-10-27 17:37'],['326']
['贵州磷化（集团）有限责任公司 2023年招聘启事'],['2022-10-27 17:36'],['900']
['国家计算机网络应急技术处理协调中心广西分中心 2023年度公开招聘简章'],['2022-10-27 17:19'],['192']
['湖北能源集团2023年应届毕业生招聘公告'],['2022-10-27 16:52'],['184']
['中通信息服务有限公司+广东南方电信规划咨询设计院有限公司2023年校园招聘'],['2022-10-27 16:45'],['212']
['中国民用航空中南地区空中交通管理局广西分局2023年高校应届毕业生招聘公告'],['2022-10-27 16:33'],['223']
['重庆三峡银行 2023届“三峡之帆”校园招聘启事'],['2022-10-27 15:25'],['144']
['深圳市槟城电子股份有限公司2023年秋季校园招聘'],['2022-10-27 14:53'],['263']
['一群人的浪漫~ ——2023年易宝支付校园招聘'],['2022-10-27 14:45'],['224']
['中国航发南方工业有限公司2023校园招聘'],['2022-10-27 14:38'],['294']
['深圳拓邦股份有限公司-秋招岗位详情'],['2022-10-27 14:13'],['198']
['吉林江机特种工业有限公司2023校园招聘'],['2022-10-27 14:02'],['162']
['威海广泰空港设备股份有限公司2023届校园招聘'],['2022-10-27 13:52'],['166']
['华住集团2023秋季校园招聘'],['2022-10-27 13:51'],['196']
['Ingenico China（福建联迪商用科技有限公司） 2023校园招聘简章'],['2022-10-27 12:30'],['201']
['凯德集团2022-2023校园招聘'],['2022-10-27 11:58'],['230']
['潍坊科技学院2022年高层次人才招聘公告'],['2022-10-27 11:39'],['257']
['聊城大学2022年人才招聘'],['2022-10-27 11:23'],['222']
['贵州财经大学2022年百万待遇诚聘海内外英才'],['2022-10-27 11:23'],['103']
['楚天科技股份有限公司2023届校园招聘'],['2022-10-27 10:23'],['453']
['四川益丰电子科技有限公司秋季校园招聘简章'],['2022-10-27 10:18'],['157']
['东方通信2023届校园招聘简章'],['2022-10-27 10:10'],['328']
['江苏银行徐州分行2023届校园招聘'],['2022-10-27 09:53'],['132']
['安徽工程大学2022年度博士招聘预公告'],['2022-10-27 09:43'],['421']
['陕西法士特松正电驱系统股份有限公司'],['2022-10-27 08:53'],['320']
['【山东上市公司】英科再生2023届校园招聘简章'],['2022-10-26 23:28'],['84']
['金海通半导体设备股份有限公司'],['2022-10-26 21:17'],['145']
['东风柳州汽车有限公司'],['2022-10-26 20:05'],['126']
['博士招聘-航空工业雷达所2023届校园招聘博士人才招聘'],['2022-10-26 20:01'],['215']
['中国三峡新能源（集团）股份有限公司2022年秋季校园招聘公告'],['2022-10-26 18:22'],['957']
['做数据先锋青年 逐浪数据管理星海！同学，欢迎加入！- DataPipeline校园招聘全面开启~'],['2022-10-26 17:44'],['99']
['勇敢创芯，鹏程万里 鹏芯微2023届校园招聘正式启动'],['2022-10-26 17:36'],['174']
['天津光电通信技术有限公司'],['2022-10-26 17:30'],['214']
['中瓴智行2023届校园招聘'],['2022-10-26 17:30'],['197']
['西南通信研究所（中国电子科技集团公司第三十研究所）'],['2022-10-26 17:26'],['266']
['遇建最美的年华——建华控股（上海智能制造研究院2023届校园招聘）'],['2022-10-26 16:41'],['421']
['【航空工业华燕秋季招聘启动！10月27-29日线上宣讲、面试】'],['2022-10-26 16:28'],['411']
['中证股转科技有限公司2022年校园招聘公告'],['2022-10-26 16:19'],['213']
['华润数科2023届校园招聘'],['2022-10-26 15:57'],['871']
['梦驻光明，智为遇见！人工智能与数字经济广东省实验室（深圳）2023届秋季校园招聘火热来袭'],['2022-10-26 15:46'],['177']
['智时代·赢未来 潍柴2023年校园招聘营销专项招聘简章'],['2022-10-26 15:45'],['167']
['中国证券登记结算有限责任公司 2023年度信息技术专业人员招聘公告'],['2022-10-26 15:42'],['207']
['江苏海洋大学2022年诚聘海内外英才'],['2022-10-26 15:35'],['134']
['深圳前海亚讯电子商务有限公司西安分公司'],['2022-10-26 15:20'],['187']
['盐城工业职业技术学院2022年长期公开招聘高层次人才公告'],['2022-10-26 14:36'],['140']
['中国联通山东省分公司2023届秋季校园招聘公告'],['2022-10-26 14:02'],['556']
['【央企】华侨城集团2023届校园招聘重磅来袭'],['2022-10-26 12:36'],['202']
['广东电网有限责任公司2022年人才招聘公告'],['2022-10-26 12:03'],['168']
['广东电网有限责任公司2022年人才招聘公告'],['2022-10-26 12:01'],['206']
['河南开放大学（郑州信息科技职业学院） 公开招聘优秀博士毕业生工作方案'],['2022-10-26 11:51'],['111']
['四川警察学院2022年下半年公开考试录用公务员（人民警察）'],['2022-10-26 11:51'],['225']
['宁夏宝丰集团有限公司'],['2022-10-26 11:33'],['157']
['就在昆山 职等你来 2022年昆山市主导产业秋季云聘会活动邀您相见'],['2022-10-26 11:32'],['159']
['归创通桥医疗科技股份有限公司2023届校园招聘'],['2022-10-26 11:27'],['155']
['蓝思科技集团2023届秋季校园招聘空中宣讲会'],['2022-10-26 11:26'],['231']
['广东国腾量子科技有限公司'],['2022-10-26 11:16'],['223']
['汉航（北京）科技有限公司招聘进行中'],['2022-10-26 10:11'],['162']
['辽宁省高速公路运营管理有限责任公司 2023年校园招聘公告'],['2022-10-26 09:34'],['1693']
['诺基亚贝尔2023校园招聘'],['2022-10-26 09:31'],['275']
['汇联易2023届校园招聘'],['2022-10-25 19:38'],['256']
['做数据先锋青年 逐浪数据管理星海！同学，欢迎加入！- DataPipeline校园招聘全面开启~'],['2022-10-25 18:20'],['133']
['金华职业技术学院 2022年度优秀（高技能）人才招聘公告'],['2022-10-25 17:50'],['197']
['中共新绛县委政策研究中心2022年校园招聘公 告'],['2022-10-25 17:44'],['198']
['新绛县发展和改革局 2022年校园招聘急需紧缺专业人才公告'],['2022-10-25 17:41'],['151']
['山西省新绛县工业信息化和科技局 2022年校园招聘急需紧缺专业人才公告'],['2022-10-25 17:39'],['201']
['新绛县职业教育中心2022年校园招聘 急需紧缺专业人才实施方案'],['2022-10-25 17:38'],['152']
['新绛县教育局 2022年校园招聘急需紧缺专业人才的公告'],['2022-10-25 17:26'],['158']
['中山大学数学学院（珠海）人才招聘启事'],['2022-10-25 17:05'],['99']
['中车大同电力机车有限公司2023届毕业生招聘'],['2022-10-25 16:56'],['134']
['天津三环乐喜新材料有限公司秋招空宣 22.10.26'],['2022-10-25 16:04'],['178']
['航天时代飞鹏有限公司2023届校园招聘'],['2022-10-25 15:40'],['517']
['【第三场】高校人才网2022下半年博士暨中高级人才RPO线上面试会邀请函'],['2022-10-25 15:29'],['104']
['陕西邮政2023年度秋季校园招聘启事'],['2022-10-25 15:16'],['849']
['中电科芜湖钻石飞机制造有限公司2023届校园招聘持续进行中——同青春，共闪亮！'],['2022-10-25 15:11'],['192']
['广东芯粤能半导体有限公司'],['2022-10-25 14:36'],['190']
['广州广电计量检测股份有限公司2023校园招聘'],['2022-10-25 11:42'],['350']
['山东众阳健康科技集团有限公司2023届校招简章'],['2022-10-25 11:36'],['136']
['华劲集团2023届应届毕业生招聘简章'],['2022-10-25 11:23'],['215']
['广东省特种设备检测研究院2022下半年硕博人才现场招聘会'],['2022-10-25 10:45'],['130']
['湖北汽车工业学院2022专任教师招聘公告'],['2022-10-25 10:44'],['164']
['百胜中国物流管培生'],['2022-10-25 10:24'],['323']
['安徽理工大学2022年博士招聘'],['2022-10-25 09:51'],['143']
['淮北师范大学2022年度高层次人才招聘'],['2022-10-25 09:50'],['224']
['中建三局安装工程有限公司'],['2022-10-25 09:28'],['135']
['博览晶英 澳翔未来 晶澳科技2023届全球校园招聘'],['2022-10-25 09:24'],['170']
['电子科技大学长三角研究院（衢州）2022-2023年度博士人才引进公告'],['2022-10-24 20:28'],['141']
['中国航天科工集团第六研究院2023年校园招聘'],['2022-10-24 18:47'],['614']
['中国共产党雅安市委员会组织部'],['2022-10-24 16:54'],['662']
['中国电科41所依爱消防公司2023年招聘简章'],['2022-10-24 16:51'],['258']
['福州大学厦门工艺美术学院面向海内外诚聘英才'],['2022-10-24 16:43'],['83']
['泸州银行2023秋季校园招聘简章'],['2022-10-24 16:30'],['189']
['辽宁省交通建设投资集团2023年校园招聘公告'],['2022-10-24 16:27'],['964']
['广州虹科电子科技有限公司2023校园招聘简章(应届生&实习生均可投递)'],['2022-10-24 15:26'],['434']
['卓镭激光2023届校园招聘'],['2022-10-24 15:19'],['139']
['极氪2023全球校园招聘——零售培训生项目'],['2022-10-24 15:19'],['122']
['福州理工学院'],['2022-10-24 15:17'],['111']
['甘肃中核弘源企业管理有限公司2023届校园招聘'],['2022-10-24 15:16'],['128']
['全国文化企业30强\u2003江西省管重点文化企业 江西出版传媒集团诚招天下英才'],['2022-10-24 15:11'],['100']
['昆明理工大学2022年公开招聘博士工作人员公告'],['2022-10-24 15:05'],['76']
['华进知识产权2023秋季校招全国启动'],['2022-10-24 15:04'],['105']
['五邑大学2022下半年硕博人才现场招聘会'],['2022-10-24 15:03'],['80']
['北方华创微电子2023届秋季校园招聘'],['2022-10-24 15:03'],['287']
['中国星网网络创新研究院有限公司2023年校园招聘'],['2022-10-24 14:48'],['202']
['长沙城市发展集团有限公司 2023届管理培训生校园招聘简章'],['2022-10-24 14:16'],['105']
['广西大学2022年诚聘海内外优秀人才'],['2022-10-24 13:37'],['140']
['济宁医学院2022年招聘高层次人才及青年博士'],['2022-10-24 13:36'],['57']
['江西服装学院招聘党政办副主任'],['2022-10-24 13:36'],['62']
['太平洋寿险科技赋能中心2023届应届生校园招聘简章'],['2022-10-24 13:25'],['186']
['国家无线电监测中心2023年校园招聘'],['2022-10-24 11:54'],['332']
['10月26日周三 18:30 | 广立微 AI机器学习专场空宣来袭！'],['2022-10-24 11:51'],['100']
['福建福诺移动通信技术有限公司校园招聘简章'],['2022-10-24 11:11'],['107']
['拓尔微电子2023届校园招聘AE(硬件)专场——芯火相传，一往无前！'],['2022-10-24 11:08'],['157']
['菏泽学院2022年人才招聘简章'],['2022-10-24 10:55'],['104']
['广东科学技术职业学院2022年高层次人才招聘公告'],['2022-10-24 10:03'],['244']
['长沙银行2023校园招聘启事'],['2022-10-24 10:02'],['170']
['北京注册会计师 资产评估行业 2023校园推介'],['2022-10-24 09:58'],['158']
['深圳市城市公共安全技术研究院有限公司 联合培养博士后招聘简章'],['2022-10-24 09:51'],['125']
['烟台东方威思顿电气有限公司2023届校园招聘简章'],['2022-10-24 09:29'],['182']
['西安外事学院2022年人才招聘公告'],['2022-10-23 22:46'],['318']
['深圳华景学府文化科技有限公司'],['2022-10-23 17:38'],['174']
['平安银行重庆分行2023届校园招聘启事'],['2022-10-23 16:53'],['162']
['四川航天川南火工技术有限公司2023届校园招聘简章'],['2022-10-22 18:16'],['276']
['海纳云2023校招招聘'],['2022-10-22 15:16'],['281']
['中国长江三峡集团有限公司2023年高校毕业生招聘公告'],['2022-10-22 14:40'],['323']
['宁波银行股份有限公司绍兴分行2022年秋季校园招聘宁波银行绍兴分行2023届校园招聘简章 一、公司介绍 宁波银行成立于1997年4月10日，2007年7月19日成为国内首家在深圳证券交易所挂牌上市的城市商业银行。 宁波银行绍兴分行是宁波银行'],['2022-10-21 22:12'],['163']
['学术桥11月11日全球博士专场视频“云”招聘！高校引才！'],['2022-10-21 20:23'],['142']
['重庆交通大学2022年诚聘英才'],['2022-10-21 18:37'],['305']
['特斯联科技集团有限公司'],['2022-10-21 17:46'],['512']
['“无限电量 任你发光”—— 南孚2023校园招聘'],['2022-10-21 17:21'],['350']
['“大招”来袭！精彩纷呈提前看！ 空中双选会'],['2022-10-21 17:15'],['251']
['伊丽汇2023届【伊等生】校园招聘简章'],['2022-10-21 17:10'],['197']
['“思”行致远 “达”有可为--深圳思达2023届应届生招聘简章'],['2022-10-21 17:08'],['369']
['广纳英才 发现未来 广发银行昆明分行2023年度校园招聘'],['2022-10-21 17:00'],['146']
['大唐微电子2023年校园招聘简章'],['2022-10-21 16:44'],['748']
['太平洋寿险科技赋能中心2023届应届生校园招聘简章'],['2022-10-21 15:55'],['352']
['华芯巨数（杭州）微电子有限公司'],['2022-10-21 15:44'],['305']
['铝途有你，智享未来 ——新疆众和股份有限公司2023届校园招聘全面启航'],['2022-10-21 15:38'],['141']
['苏州佳祺仕科技股份有限公司校招简章'],['2022-10-21 15:10'],['240']
['浙江省交通投资集团旗下高信公司2023届校园招聘'],['2022-10-21 15:08'],['167']
['中国电信股份有限公司数字智能科技分公司2023年度校园招聘公告'],['2022-10-21 15:05'],['509']
['株洲国创轨道科技有限公司招聘简章'],['2022-10-21 15:03'],['203']
['未来“芯”车手，等你来领航——湖南北云科技2023校园招聘'],['2022-10-21 14:51'],['356']
['中国石油化工股份有限公司大连石油化工研究院'],['2022-10-21 14:23'],['170']
['清华大学出版社2023校园招聘'],['2022-10-21 13:57'],['188']
['中国化学工程第十一建设有限公司 新疆分公司2023年校园招聘'],['2022-10-21 12:25'],['116']
['海南电网有限责任公司2023年校园招聘公告'],['2022-10-21 11:44'],['208']
['美畅股份2023年“畅想生”招聘简章'],['2022-10-21 11:38'],['219']
['延安大学2022年教师岗位招聘'],['2022-10-21 11:34'],['253']
['商丘工学院2022年教师招聘'],['2022-10-21 11:32'],['158']
['成都卫士通信息产业股份有限公司'],['2022-10-21 11:26'],['451']
['深圳成谷科技有限公司2023届秋季招聘'],['2022-10-21 11:23'],['259']
['西电-山东众阳健康科技集团有限公司23届校招简章'],['2022-10-21 11:16'],['211']
['【深圳站&广州站】高校人才网2022下半年博士/硕博人才现场巡回招聘会邀请函'],['2022-10-21 11:15'],['129']
['美畅股份2023年“畅想生”招聘简章 美美与共·畅想未来'],['2022-10-21 11:06'],['138']
['山东能源集团内蒙古盛鲁能化有限公司2023年校园招聘简章'],['2022-10-21 10:58'],['188']
['北京华环电子股份有限公司2023校园招聘'],['2022-10-21 10:53'],['220']
['浙商银行金华分行2023校园招聘启事'],['2022-10-21 10:45'],['110']
['中物院软件中心2023热招（北京/绵阳/成都）'],['2022-10-21 10:45'],['177']
['天津银行2023年校园招聘启事'],['2022-10-21 10:43'],['164']
['山西工学院2022年公开招聘博士研究生公告'],['2022-10-21 10:42'],['157']
['北京京仪城市科工有限公司'],['2022-10-21 10:39'],['147']
['中国船舶集团第七一六研究所2023届秋季校园招聘'],['2022-10-21 10:35'],['391']
['天津航天瑞莱科技有限公司2023届毕业生校园招聘'],['2022-10-21 10:26'],['256']
['浙江浙能中煤舟山煤电2023年大学毕业生招聘简章'],['2022-10-21 09:41'],['182']
['2023届安徽江汽物流有限公司'],['2022-10-21 09:40'],['109']
['潍坊科技学院2022年高层次人才招聘公告'],['2022-10-21 09:22'],['184']
['富特科技2023校园招聘 ——奔赴热爱 E往无前'],['2022-10-21 09:09'],['207']
['厦门理工学院2022年公开招聘人才启事'],['2022-10-20 19:02'],['109']
['四川省公路规划勘察设计研究院有限公司2023年校招'],['2022-10-20 18:09'],['198']
['南京长江电子信息产业集团有限公司校园招聘'],['2022-10-20 17:41'],['325']
['招商局通商融资租赁有限公司2023秋季校园招聘简章'],['2022-10-20 17:13'],['304']
['中原出版传媒集团2022年招聘公告'],['2022-10-20 17:11'],['1075']
['山东电力工程咨询院有限公司 2023年度校园招聘公告'],['2022-10-20 17:08'],['434']
['五动青春，矿世期才 五矿期货2023年校园招聘正式启动'],['2022-10-20 17:04'],['174']
['“金秋纳才 杭向未来”大学生招聘活动正式启幕，千企万岗“职”等您来'],['2022-10-20 17:03'],['156']
['中国联通研究院新苗计划2023校园招聘公告'],['2022-10-20 17:01'],['273']
['航天新气象科技有限公司 招聘简章'],['2022-10-20 16:45'],['263']
['中国联通商洛市分公司2023年招聘公告'],['2022-10-20 16:33'],['206']
['浙商银行南昌分行2023校园招聘启事'],['2022-10-20 16:20'],['110']
['西安电子科技大学杭州研究院第二届 “湘湖人才”国际青年学者论坛'],['2022-10-20 16:15'],['340']
['成都熊谷加世电器有限公司招聘简章'],['2022-10-20 16:15'],['214']
['深空探测实验室2023校园招聘'],['2022-10-20 16:12'],['271']
['默升科技（上海）有限公司2022校园招聘简章'],['2022-10-20 16:10'],['270']
['安通控股股份有限公司'],['2022-10-20 16:10'],['162']
['西安银行2023秋季校园招聘启事'],['2022-10-20 15:56'],['326']
['武汉虹信技术服务有限责任公司'],['2022-10-20 15:44'],['169']
['国网数科控股公司（国网雄安金科公司） 2023年校园招聘'],['2022-10-20 15:41'],['827']
['三环集团（成都）2023届秋季校园招聘 ——年薪高达40万起'],['2022-10-20 15:40'],['660']
['“太梦启航”中国太平洋财产保险股份有限公司2023校园招聘'],['2022-10-20 15:24'],['133']
['工业和信息化部人才交流中心 陕西省（2022年度）秋季硕博专场招聘会'],['2022-10-20 15:23'],['254']
['中国电建集团福建省电力勘测设计院有限公司 2023届招聘公告'],['2022-10-20 15:11'],['115']
['“驱动未来的喜悦” 广汽本田2023校园招聘已启动！'],['2022-10-20 15:06'],['179']
['闽南科技学院2022-2023学年招聘启事'],['2022-10-20 15:06'],['144']
['武汉烽火国际技术有限责任公司'],['2022-10-20 15:05'],['263']
['长城人寿2023校园招聘简章'],['2022-10-20 14:34'],['369']
['佛山地铁2023届校园招聘公告'],['2022-10-20 14:29'],['195']
['国家无线电监测中心陕西监测站2023年度校园招聘'],['2022-10-20 14:01'],['296']
['上海泛微网络（上市公司、国家重点软件企业）'],['2022-10-20 12:27'],['167']
['上海泛微网络科技股份有限公司'],['2022-10-20 12:27'],['133']
['苏州富纳艾尔科技有限公司'],['2022-10-20 12:26'],['162']
['伟测半导体科技公司'],['2022-10-20 12:26'],['164']
['上海俺来也人才服务有限公司'],['2022-10-20 12:26'],['116']
['“梦想靠岸”招商银行宁波分行2023年校园招聘公告'],['2022-10-20 11:44'],['78']
['北京爱万提斯科技有限公司'],['2022-10-20 11:24'],['127']
['神舟电脑2023届校园招聘'],['2022-10-20 11:22'],['173']
['北京京仪城市科工有限公司'],['2022-10-20 11:22'],['101']
['浙江横店影视职业学院2022-2023学年人才引进计划'],['2022-10-20 11:15'],['122']
['衡水学院引进高层次人才'],['2022-10-20 11:15'],['126']
['苏州珂晶达电子有限公司2023届校园招聘'],['2022-10-20 11:12'],['220']
['上海欣诺通信技术股份有限公司'],['2022-10-20 10:56'],['179']
['北京大豪科技股份有限公司2023届校园招聘简章'],['2022-10-20 10:38'],['127']
['北京首都国际机场股份有限公司 2023届校园招聘'],['2022-10-20 10:36'],['219']
['中科院宁波材料所2022年秋季校园招聘全面启动!'],['2022-10-20 10:26'],['90']
['郑州宇通集团有限公司'],['2022-10-20 09:20'],['121']
['陕西黄河集团有限公司2023年校园招聘'],['2022-10-20 09:01'],['278']
['芯青年 正奋斗| 龙芯中科2023届校园招聘'],['2022-10-19 21:49'],['183']
['上海联通2023秋季校园招聘正式启动【未来，从你开始】！'],['2022-10-19 21:01'],['86']
['天津七一二通信广播股份有限公司2023届秋季校园招聘'],['2022-10-19 21:00'],['102']
['湘潭大学2022年诚聘海内外人才'],['2022-10-19 19:48'],['113']
['北京亿华通科技股份有限公司2023届校园招聘简章'],['2022-10-19 18:59'],['122']
['成都众志天成科技有限公司2023校园招聘公告'],['2022-10-19 18:23'],['171']
['陕西风润智能制造研究院有限公司'],['2022-10-19 17:55'],['229']
['北京航空航天大学宁波创新研究院2022年度人才招聘公告'],['2022-10-19 16:58'],['169']
['智汇诺力，加成未来 ——诺力智能 2023届校园招聘'],['2022-10-19 16:52'],['126']
['华东理工大学2022下半年高层次人才现场巡回招聘会'],['2022-10-19 16:52'],['75']
['前海开源基金2023届校园招聘正式启动'],['2022-10-19 16:46'],['95']
['中大智能科技股份有限公司'],['2022-10-19 16:36'],['199']
['中国联合网络通信有限公司东莞市分公司2023年校园招聘简章'],['2022-10-19 16:20'],['146']
['成都高新发展股份有限公司 2023年度校园招聘启事'],['2022-10-19 16:13'],['350']
['上海交通大学微纳工程科学重点实验室2022下半年高层次人才现场巡回招聘会'],['2022-10-19 15:15'],['106']
['长城汽车2023全球校园招聘正式启动！'],['2022-10-19 14:47'],['294']
['方田教育2023年校园招聘'],['2022-10-19 14:45'],['78']
['重庆信科通信工程有限公司'],['2022-10-19 14:42'],['106']
['光联万物，e起加速 —成都新易盛通信2023届校园招聘'],['2022-10-19 14:39'],['89']
['北京航天嘉诚2023届校园招聘简章'],['2022-10-19 14:36'],['139']
['华润雪花啤酒2023届管培生招聘简章'],['2022-10-19 14:30'],['90']
['合肥我们方田教育科技有限公司'],['2022-10-19 14:29'],['70']
['“无限电量 任你发光”——南孚2023校园招聘'],['2022-10-19 14:21'],['84']
['宁波市鄞州区人才服务中心'],['2022-10-19 14:18'],['63']
['江苏洋河酒厂股份有限公司2023校园招聘'],['2022-10-19 12:30'],['98']
['安徽工程大学王绍武课题组招聘博士后和科研助理'],['2022-10-19 11:53'],['71']
['义乌工商职业技术学院2022年下半年公开招聘'],['2022-10-19 11:53'],['72']
['科华数据2023届校园招聘简章'],['2022-10-19 11:27'],['274']
['湖北文旅集团校园招聘简章'],['2022-10-19 10:36'],['225']
['江苏中兴派能电池有限公司2023届校园招聘简章'],['2022-10-19 10:32'],['261']
['兰钧新能源2023届校园招聘简章'],['2022-10-19 10:28'],['380']
['苏州杰锐思智能科技股份有限公司2023届校园招聘简章'],['2022-10-19 10:25'],['274']
['舜宇光电2023届校园招聘'],['2022-10-19 10:24'],['321']
['厦门市政水务集团有限公司 2023年应届毕业生校园招聘简章'],['2022-10-19 10:23'],['292']
['【线上宣讲】【国防军工】航天系统公司&航天发展2023年联合校园招聘'],['2022-10-19 10:19'],['569']
['广州农商银行2023届秋季校园招聘公告'],['2022-10-19 10:10'],['609']
['浙江中控技术股份有限公司2023届校园招聘'],['2022-10-19 10:08'],['214']
['中国船舶第八研究院（扬州院区·原七二三所）诚聘人才公告'],['2022-10-19 10:03'],['198']
['南宁职业技术学院2022年公开招聘博士研究生公告'],['2022-10-19 10:02'],['184']
['北京大学南昌创新研究院2022年全球引才公告'],['2022-10-19 09:57'],['174']
['中国联通四川省分公司2023校园招聘公告'],['2022-10-19 09:57'],['143']
['西安近代化学研究所2023校园招聘'],['2022-10-19 09:45'],['295']
['北京晨晶电子2023校招盛大启动'],['2022-10-19 09:42'],['192']
['中邮信息科技（北京）有限公司2023届秋季校园招聘'],['2022-10-19 09:40'],['481']
['浙商银行总行金融科技部2023校园招聘启事'],['2022-10-19 09:31'],['239']
['四川农信信息科技中心2023年校园招聘简章'],['2022-10-19 09:26'],['180']
['中建三局安装工程有限公司'],['2022-10-19 09:14'],['116']
['深圳市有方科技股份有限公司2023届校园招聘'],['2022-10-19 09:01'],['159']
['上海米开罗那机电技术有限公司校招'],['2022-10-19 08:52'],['142']
['中国通信服务广西公司招聘简介'],['2022-10-19 08:44'],['145']
['英科再生2023届校园招聘简章'],['2022-10-19 08:25'],['131']
['电子科技大学重庆微电子产业技术研究院2022年人才招聘公告'],['2022-10-15 20:39'],['257']
['首都师范大学2022年博士后科研人员招收公告'],['2022-10-15 19:56'],['151']
['天津七一二通信广播股份有限公司2023届秋季校园招聘'],['2022-10-15 17:46'],['177']
['国家管网集团2023年校园招聘公告'],['2022-10-15 13:30'],['1408']
['中国华电集团有限公司云南分公司招聘公告'],['2022-10-15 11:51'],['268']
['国营长虹机械厂 中国人民解放军第五七一八工厂2023届秋季校园招聘'],['2022-10-14 18:53'],['346']
['东莞理工学院2022年第十三批招聘2名聘用人员公告'],['2022-10-14 18:47'],['160']
['烟台杰瑞石油服务集团股份有限公司2023届秋季校园招聘'],['2022-10-14 18:15'],['139']
['途游游戏2023届校园招聘'],['2022-10-14 18:12'],['417']
['富国基金2023届金融科技人才招聘'],['2022-10-14 17:43'],['328']
['空军工程大学2023年人才引进预告'],['2022-10-14 17:36'],['304']
['重庆吉芯科技有限公司2022博士招聘简章'],['2022-10-14 16:52'],['268']
['中国电科芯片技术研究院2022博士招聘简章'],['2022-10-14 16:51'],['374']
['宁波银行股份有限公司绍兴分行2022年校园招聘'],['2022-10-14 16:50'],['200']
['联合微电子中心有限责任公司2022博士招聘简章'],['2022-10-14 16:50'],['245']
['华润微电子（重庆）有限公司2022博士招聘简章'],['2022-10-14 16:49'],['269']
['电子科技大学重庆微电子产业技术研究院2022博士招聘简章'],['2022-10-14 16:48'],['203']
['优质岗位引人才！福建高层次和紧缺急需人才招聘活动等你来！'],['2022-10-14 16:33'],['199']
['渝创未来，邮此启航 中国邮政集团有限公司重庆市分公司 2023年校园招聘正式启动'],['2022-10-14 16:15'],['417']
['让文化照亮梦想—陕文投集团“青英梦想计划”2023校园招聘 招 聘 简 章'],['2022-10-14 16:07'],['389']
['联咏电子科技（西安）有限公司2023届校园招聘--双休'],['2022-10-14 15:44'],['530']
['研28万！本24万！6-12个月涨薪1次！ 华劲集团高薪招聘管培生！'],['2022-10-14 15:43'],['669']
['特变电工新变厂(中国500强) 2023届校园招聘简章'],['2022-10-14 15:29'],['413']
['华蓝集团 2023届校园招聘'],['2022-10-14 15:28'],['288']
['中国通号研究设计院集团2023校园招聘简章'],['2022-10-14 15:09'],['625']
['嗨，同学，欢迎加入！ DataPipeline校园招聘全面开启'],['2022-10-14 14:35'],['215']
['泸州老窖集团有限责任公司 2023全国校园招聘简章'],['2022-10-14 14:28'],['288']
['汇聚天下英才 共创钱江时代 ——杭州市钱江新城投资集团2023届校园招聘'],['2022-10-14 14:09'],['178']
['华芯巨数（杭州）微电子有限公司'],['2022-10-14 14:07'],['303']
['山大地纬软件股份有限公司2023届秋季校园招聘'],['2022-10-14 13:38'],['243']
['万唯中考主讲老师2023届校园招聘'],['2022-10-14 12:06'],['219']
['中国邮政集团有限公司福建省分公司 2023年校园招聘公告'],['2022-10-14 11:56'],['596']
['广东电网公司广州供电局2023年校园招聘（提前批）'],['2022-10-14 11:52'],['759']
['武汉光迅科技股份有限公司2023届秋季招聘'],['2022-10-14 11:30'],['263']
['江苏省南京市某机关公务员招录公告'],['2022-10-14 11:26'],['498']
['2023丝芙兰数智产品项目造星计划闪耀启动'],['2022-10-14 10:57'],['188']
['天津港（集团）有限公司 2023年面向高等院校应届大学毕业生招聘简章'],['2022-10-14 10:54'],['204']
['山西大学2022下半年高层次人才现场巡回招聘会'],['2022-10-14 10:52'],['262']
['浙江绍兴瑞丰农村商业银行股份有限公司'],['2022-10-14 10:34'],['179']
['重庆市涪陵榨菜集团股份有限公司2022年秋季 校园管培生招聘简章'],['2022-10-14 10:25'],['183']
['中石化江汉石油工程有限公司2023年校园招聘公告'],['2022-10-14 09:48'],['294']
['天津七一二通信广播股份有限公司2023届校园招聘'],['2022-10-14 09:40'],['151']
['中国邮政集团有限公司河北省分公司2023年校园招聘公告'],['2022-10-14 09:27'],['554']
['西南财经大学天府学院教师招聘公告'],['2022-10-14 09:03'],['250']
['西南财经大学天府学院辅导员、心理健康教师'],['2022-10-14 09:02'],['227']
['西南财经大学天府学院教务处工作人员'],['2022-10-14 09:00'],['228']
['北京度量科技有限公司2023秋招简章'],['2022-10-13 22:12'],['204']
['河北建投能源投资股份有限公司'],['2022-10-13 20:46'],['148']
['南昌市10万人才来昌创业就业“百场校招”活动陕西高校专场'],['2022-10-13 17:50'],['159']
['国开金融有限责任公司2023年高校毕业生招聘公告'],['2022-10-13 17:15'],['713']
['中国海油2023年校园招聘'],['2022-10-13 17:13'],['470']
['湖州师范学院2022下半年高层次人才现场巡回招聘会'],['2022-10-13 17:08'],['433']
['南方科技大学附属中学宝安学校2023届应届生招聘公告（带编）'],['2022-10-13 17:01'],['378']
['英科再生2023届校园招聘简章'],['2022-10-13 17:00'],['513']
['广东省新一代通信与网络创新研究院2023届毕业生秋季招聘'],['2022-10-13 16:52'],['432']
['江苏海洋大学2022下半年高层次人才现场巡回招聘会'],['2022-10-13 16:27'],['319']
['深圳市银宝山新科技股份有限公司2023届管培生招聘简章'],['2022-10-13 16:13'],['466']
['中国石油集团工程技术研究院有限公司2023年高校毕业生招聘启事'],['2022-10-13 16:08'],['636']
['高校人才引进网2022年冬季博士专场人才双选会 邀 请 函'],['2022-10-13 15:29'],['185']
['嗨，同学，欢迎加入！ DataPipeline校园招聘全面开启'],['2022-10-13 15:24'],['382']
['万联证券2023校园招聘'],['2022-10-13 15:17'],['997']
['庆铃汽车（集团）有限公司2023校园招聘'],['2022-10-13 14:49'],['510']
['中国兵器工业第二〇五研究所2023年博士招聘'],['2022-10-13 14:33'],['530']
['河北移动2023秋季校园招聘'],['2022-10-13 14:14'],['467']
['湖南省人民政府国有资产监督管理委员会'],['2022-10-13 14:09'],['244']
['乐读教育2023校园招聘'],['2022-10-13 13:47'],['446']
['中国石油天然气股份有限公司新疆油田分公司'],['2022-10-13 13:02'],['262']
['泰开集团有限公司2023届大学生校园招聘'],['2022-10-13 12:58'],['302']
['长江大学（信息类专场）2022下半年高层次人才现场巡回招聘会'],['2022-10-13 11:57'],['224']
['京信网络系统股份有限公司2023届校园招聘简章'],['2022-10-13 10:42'],['236']
['智慧测控，筑梦前行，航空工业测控所2023届校园招聘'],['2022-10-13 10:33'],['378']
['西安众禾数联科技有限公司'],['2022-10-13 10:27'],['408']
['时代一汽2023届秋季校园招聘简章'],['2022-10-13 10:24'],['272']
['共铸“中国心” 圆你“航空梦” 中国航发哈尔滨东安发动机有限公司2023校园招聘'],['2022-10-13 10:04'],['185']
['中国化学工程第七建设有限公司'],['2022-10-13 10:00'],['145']
['创芯力量、助锂起航 天津力神电池 2023 届全球校园招聘'],['2022-10-13 09:54'],['261']
['无锡车联天下信息技术有限公司 2023招聘简章'],['2022-10-13 09:36'],['320']
['北京未尔锐创科技有限公司2023届校园招聘'],['2022-10-13 09:32'],['231']
['宁波力勤资源科技开发有限公司 2023届校园招聘手册'],['2022-10-13 09:23'],['146']
['天津七一二通信广播股份有限公司2023届校园招聘'],['2022-10-13 09:20'],['154']
['赛思电子|2023届芯光共振•同频创未来校招火热开启'],['2022-10-13 08:57'],['526']
['青岛大学青岛医学院（医学部）2022年人才招聘公告'],['2022-10-12 21:32'],['179']
['广西电网有限责任公司2023年校园招聘公告'],['2022-10-12 18:45'],['194']
['嗨，同学，欢迎加入！– DataPipeline校园招聘全面开启'],['2022-10-12 18:11'],['143']
['河北联通2023年度校园招聘'],['2022-10-12 17:57'],['192']
['新疆理工学院2022年秋季面向社会公开招聘教师及行政教辅人员公告'],['2022-10-12 17:50'],['238']
['天生敢闯，邑行万里! ——天邑股份2023届毕业生校园招聘正式启动'],['2022-10-12 17:24'],['205']
['山东省港口集团有限公司 2023年应届大学毕业生招聘简章'],['2022-10-12 16:40'],['558']
['陕西烽火电子股份有限公司2023年校园招聘'],['2022-10-12 16:28'],['886']
['深圳泊松软件技术有限公司-2023届校园招聘'],['2022-10-12 16:27'],['504']
['中石化中原石油工程有限公司2023年校园招聘简章'],['2022-10-12 16:22'],['166']
['航天科工十院0612研究所招聘公告'],['2022-10-12 15:20'],['548']
['中石化第四建设有限公司2023年校园招聘简章'],['2022-10-12 14:57'],['168']
['中国石油化工股份有限公司齐鲁分公司'],['2022-10-12 14:44'],['174']
['中国工商银行浙江省分行2023年度秋季校园招聘公告'],['2022-10-12 14:37'],['160']
['【武汉站】高校人才网2022下半年博士人才现场巡回招聘会邀请函'],['2022-10-12 14:26'],['85']
['重庆农村商业银行2023校园招聘启事'],['2022-10-12 14:18'],['182']
['北京世纪好未来教育科技有限公司 2023届校园招聘简章'],['2022-10-12 13:56'],['163']
['10月28日 国内高校联合举办（第二十二届）科研学术人才云端招聘会'],['2022-10-12 13:42'],['144']
['网龙网络公司2023届校园招聘'],['2022-10-12 11:49'],['225']
['简历冲刺啦！中国光大银行2023年秋季校园招聘邀请您投递简历！'],['2022-10-12 11:46'],['204']
['湖南北云科技2023校园招聘--未来“芯”车手，等你来领航一'],['2022-10-12 11:43'],['199']
['天津七一二通信广播股份有限公司2023届校园招聘'],['2022-10-12 11:39'],['172']
['嘉骋万里，环聚未来——嘉环科技2023届校园招聘'],['2022-10-12 11:24'],['196']
['浙江捷昌线性驱动科技股份有限公司'],['2022-10-12 11:15'],['136']
['中信保诚资产管理有限责任公司 2023年管理培训生招聘简章'],['2022-10-12 11:09'],['152']
['喜赢未来，智绘不凡 ----喜临门2023届校园招募'],['2022-10-12 11:07'],['157']
['特变电工股份有限公司新疆变压器厂'],['2022-10-12 10:53'],['306']
['诺和诺德（中国）制药有限公司天津生产厂 2023校园招聘正式启动'],['2022-10-12 10:52'],['202']
['佛山市国星光电股份有限公司2023届校园招聘'],['2022-10-12 10:48'],['187']
['电材探秘，筑梦有你◆中国电科46所2023年校园招聘'],['2022-10-12 10:43'],['415']
['甘肃中核弘源企业管理有限公司2023届校园招聘'],['2022-10-12 10:40'],['196']
['杭州联芯通半导体有限公司'],['2022-10-12 10:16'],['340']
['常熟农商银行2023年度校园招聘简章'],['2022-10-12 09:58'],['138']
['华泰证券2023校园招聘“闪光”来袭！'],['2022-10-12 09:50'],['247']
['马夸特开关（威海）有限公司2022年秋季校园招聘简章'],['2022-10-12 09:45'],['156']
['湖北省招标股份有限公司2023秋季校园招聘简章'],['2022-10-12 09:44'],['153']
['丰田汽车研发中心（中国）有限公司'],['2022-10-12 09:25'],['827']
['陕西交通控股集团有限公司2023年校园招聘正式启动'],['2022-10-12 08:26'],['1095']
['内蒙古大学2022年人才招聘公告'],['2022-10-11 20:12'],['225']
['不定义 自精彩-----百信银行2023届校园招聘'],['2022-10-11 18:57'],['184']
['【央企】北京人大金仓2023校园招聘'],['2022-10-11 18:43'],['244']
['江海证券2023年总部及分支机构校园招聘'],['2022-10-11 18:08'],['192']
['嗨，同学，欢迎加入！ DataPipeline校园招聘全面开启'],['2022-10-11 17:45'],['276']
['国家石油天然气管网集团有限公司西气东输分公司2023届毕业生招聘公告'],['2022-10-11 17:39'],['715']
['先进科技（中国）有限公司2023校园招聘'],['2022-10-11 17:34'],['383']
['福建火炬电子科技股份有限公司2023届校园招聘'],['2022-10-11 17:22'],['265']
['中国南方电网有限责任公司超高压输电公司 2023年校园招聘公告'],['2022-10-11 17:18'],['396']
['济宁银行2023秋季校园招聘公告'],['2022-10-11 17:15'],['164']
['扬州工业职业技术学院2022下半年博士暨中高级人才RPO线上面试会'],['2022-10-11 17:15'],['119']
['中建三局安装工程有限公司'],['2022-10-11 16:36'],['188']
['华进知识产权2023秋季校招全国启动'],['2022-10-11 16:31'],['163']
['中铁电气化铁路运营管理有限公司招聘简章'],['2022-10-11 16:29'],['276']
['润华汽车控股有限公司2023年校园招聘'],['2022-10-11 16:00'],['292']
['“数”智世界，“能”动未来|国家电网南瑞集团2023届毕业生招聘简章'],['2022-10-11 15:50'],['362']
['浙江晶盛机电股份有限公司'],['2022-10-11 15:47'],['291']
['中国系统2023营销培训生校园招聘空中宣讲会'],['2022-10-11 15:23'],['196']
['亿联银行2023年校园招聘'],['2022-10-11 14:36'],['182']
['遇见“芯”生力量 | 北京智芯微电子科技2023届校园招聘'],['2022-10-11 14:20'],['388']
"['""明日之星""计划-上海数慧（隶属超图股份）-2023届校招']",['2022-10-11 14:11'],['165']
['珠海普生医疗科技有限公司2023届校园招聘'],['2022-10-11 14:11'],['219']
['北京京运通科技股份有限公司 2023校园招聘正式启航'],['2022-10-11 13:42'],['174']
['联通支付2023秋季校园招聘公告'],['2022-10-11 13:39'],['207']
['光联万物，e起加速 —成都新易盛通信2023届校园招聘'],['2022-10-11 13:05'],['180']
['国防科技大学计算机学院2022年度人才引进政策和计划面向社会公开引才！'],['2022-10-11 11:51'],['278']
['深圳市朗石科学仪器有限公司2023届校园招聘'],['2022-10-11 11:47'],['129']
['昆山农村商业银行2023年度校园招聘简章'],['2022-10-11 11:39'],['153']
['工业和信息化部人才交流中心陕西省（2022年度）秋季硕博专场招聘会招聘会'],['2022-10-11 11:38'],['282']
['中电长城圣非凡信息系统有限公司2023届校园招聘招聘简章'],['2022-10-11 11:36'],['375']
['浙商银行上海分行2023年校园招聘正式启动！'],['2022-10-11 11:34'],['149']
['【联想校招】联想2023校园招聘火热进行中！'],['2022-10-11 11:34'],['222']
['中国移动通信集团河北有限公司2023秋季校园招聘'],['2022-10-11 11:14'],['185']
['Amphenol 安费诺电子装配（厦门）有限公司招聘本、硕、博应届生'],['2022-10-11 11:05'],['319']
['衢州职业技术学院衢州职业技术学院2022-2023学年人才引进公告（专业带头人、博士研究生等）'],['2022-10-11 10:30'],['191']
['深圳成谷科技有限公司2023届秋季招聘'],['2022-10-11 10:30'],['377']
['松山湖材料实验室2023届校园招聘，即日启动！'],['2022-10-11 10:11'],['282']
['广东电网有限责任公司2023年校园招聘公告'],['2022-10-11 09:21'],['400']
['遇见最美的年华【建华控股2023届线下宣讲会来咯】'],['2022-10-10 18:48'],['213']
['中国工商银行股份有限公司安徽省分行'],['2022-10-10 17:50'],['144']
['中国石化仪征化纤有限责任公司'],['2022-10-10 17:17'],['164']
['嗨，同学，欢迎加入！ DataPipeline校园招聘全面开启'],['2022-10-10 16:46'],['155']
['UU跑腿2023年应届生全球招聘'],['2022-10-10 16:18'],['261']
['TATA木门2023届校园招聘'],['2022-10-10 16:07'],['151']
['北京思行伟业数码科技有限公司2023届校园招聘公告'],['2022-10-10 15:35'],['321']
['广邀海内外博士参加2022年“百万英才兴重庆”博士渝行周——走进西部（重庆）科学城暨第二 届海内外半导体博士精英挑战赛'],['2022-10-10 15:32'],['288']
['兴业银行股份有限公司长沙分行2023校园招聘'],['2022-10-10 15:22'],['217']
['国家开发银行青海省分行2023年校园招聘'],['2022-10-10 15:16'],['268']
['有你世界皆春风 春风动力2023全球校园招聘开启'],['2022-10-10 14:49'],['270']
['上海柏楚电子科技股份有限公司'],['2022-10-10 14:46'],['1162']
['武汉光庭信息技术股份有限公司2023届秋招正式启动'],['2022-10-10 14:41'],['291']
['中石化石油机械股份有限公司2023年度校园招聘公告'],['2022-10-10 14:40'],['554']
['陕西陕煤供应链管理有限公司20223届秋季校园招聘'],['2022-10-10 14:25'],['388']
['芜湖伯特利汽车安全系统股份有限公司——2023届校园招聘'],['2022-10-10 14:11'],['288']
['2023港机集团管理培训生招聘简章'],['2022-10-10 13:59'],['163']
['天津七一二通信广播股份有限公司2023届校园招聘'],['2022-10-10 13:54'],['129']
['长沙气象雷达标校中心2023年诚聘英才'],['2022-10-10 12:47'],['245']
['逐梦启程，星耀长城 中国长城2023届校园招聘全面启动'],['2022-10-10 11:59'],['414']
['汉航（北京）科技有限公司招聘进行中'],['2022-10-10 11:47'],['229']
['高途集团2023秋季校园招聘'],['2022-10-10 11:14'],['296']
['中国联通湖南省分公司新苗计划 2022、2023届校园招聘公告'],['2022-10-10 11:09'],['259']
['西安定华电子股份有限公司'],['2022-10-10 10:43'],['423']
['中建-大成建筑有限责任公司2023“领航计划”秋季全球校园招聘计划'],['2022-10-10 10:34'],['186']
['联咏电子科技（西安）有限公司2023届校园招聘--双休'],['2022-10-10 10:18'],['472']
['中国光大银行信用卡中心2023年 秋季校园招聘启事'],['2022-10-10 10:06'],['219']
['山东英科环保再生资源股份有限公司'],['2022-10-10 10:05'],['154']
['追觅科技 2023届校园招聘简章 ——未来追觅，有你定义'],['2022-10-10 10:01'],['436']
['博观智能 2023 届校园招聘简章'],['2022-10-10 09:49'],['267']
['山东众阳健康科技集团有限公司'],['2022-10-10 09:25'],['186']
['航天科技集团九院九部 2023届校园招聘'],['2022-10-10 09:07'],['1684']
['上海机动车检测认证技术研究中心有限公司河南分公司2023届校园招聘'],['2022-10-10 08:58'],['140']
['浙江富冶集团有限公司'],['2022-10-10 08:48'],['113']
['扬州宇安电子科技有限公司'],['2022-10-10 08:18'],['276']
['北京市顺义区雄恩数学培训学校2023年度秋季校园招聘'],['2022-10-10 08:12'],['119']
['『始于微·创不凡』 微创医疗2023届校园招聘正式启动！'],['2022-10-09 21:56'],['186']
['中国石化扬子石油化工有限公司'],['2022-10-09 20:29'],['371']
['山东英科环保再生资源股份有限公司2023年校园招聘简章'],['2022-10-09 20:07'],['158']
['云计算上市企业——品高股份 2023校园招聘火热开启！'],['2022-10-09 19:38'],['240']
['北京中电普华信息技术有限公司 2023校园招聘简章'],['2022-10-09 19:22'],['219']
['陕西汽车控股集团有限公司'],['2022-10-09 18:42'],['649']
['中国建设银行福建省分行2023年度校园招聘公告'],['2022-10-09 18:26'],['154']
['三一重能2023届校园招聘-营销管培生'],['2022-10-09 18:10'],['332']
['广州地铁集团有限公司2023届校园招聘公告 广州地铁集团2023届校园招聘正式启动啦！'],['2022-10-09 18:05'],['683']
['万科商业 2023 万 IN 生校园招聘简章'],['2022-10-09 17:59'],['233']
['中国移动福建公司2023秋季校园招聘'],['2022-10-09 16:25'],['118']
['产业赋能 投创未来—— 合肥市产业投资控股（集团）有限公司 2023校园招聘公告'],['2022-10-09 15:47'],['862']
['恒丰银行2023秋季校园招聘启事'],['2022-10-09 15:45'],['585']
['链不凡，汇非凡 征和工业管培生计划-2023届校园招聘'],['2022-10-09 15:28'],['138']
['公园城市，“蓉”耀有你 成都设计咨询集团2023届校园招聘公告'],['2022-10-09 14:54'],['171']
['中国电子科技集团公司第五十三研究所 2023年博士生招聘简章'],['2022-10-09 14:45'],['426']
['2023年富芯校园招聘招聘简章'],['2022-10-09 14:44'],['305']
['盛科通信（苏州/南京）2023届校园招聘'],['2022-10-09 14:41'],['314']
['中国船舶第七一六研究所“百名博士杰瑞行”活动（2023届博士专项招聘）'],['2022-10-09 14:06'],['218']
['广西幼儿师范高等专科学校2022年高层次人才招聘公告'],['2022-10-09 14:05'],['170']
['一 芯一易，逐梦未来，成都市易冲半导体有限公司2023届秋季招聘'],['2022-10-09 13:54'],['1218']
['北京长焜科技有限公司2023届校园招聘'],['2022-10-09 13:38'],['235']
['东北电力大学2022年人才招聘'],['2022-10-09 12:44'],['217']
['拓荆科技股份有限公司2023校园招聘'],['2022-10-09 11:26'],['380']
['中国科学院沈阳自动化研究所2022-2023年校园招聘'],['2022-10-09 11:20'],['290']
['上海城建设计集团2023届秋季校园招聘正式开启'],['2022-10-09 11:17'],['168']
['10/12企业宣讲邀约---智芯半导体2023届秋季校园招聘'],['2022-10-09 11:03'],['310']
['上海长宁区世纪学小思线上教育培训学校'],['2022-10-09 11:03'],['135']
['湖南北云科技【2023届】校园招聘--未来“芯”车手，等你来领航五'],['2022-10-09 10:49'],['284']
['白盒子（上海）微电子科技有限公司'],['2022-10-09 10:38'],['799']
['海博思创2023校园招聘 --加入我们，引领绿色能源发展'],['2022-10-09 10:37'],['619']
['中建三局第三建设工程有限责任公司2023届校园招聘'],['2022-10-09 10:18'],['198']
['盛视科技2023届校园招聘'],['2022-10-09 10:12'],['353']
['广州农商银行2023届秋季校园招聘公告'],['2022-10-09 09:55'],['213']
['深圳成谷科技有限公司2023届秋季招聘'],['2022-10-09 09:51'],['257']
['中信消费金融有限公司2023届校园招聘'],['2022-10-09 09:41'],['2696']
['平安产险总部科技中心2023届校园招聘简章'],['2022-10-09 09:35'],['203']
['重庆银行2023届校园招聘启事'],['2022-10-09 09:33'],['169']
['航天新气象科技有限公司 招聘简章'],['2022-10-09 09:31'],['314']
['长沙星融元数据技术有限公司'],['2022-10-09 09:29'],['184']
['普写新篇 迪聚英才 ——普拉迪2023校园招聘'],['2022-10-09 09:12'],['287']
['全球TOP10汽车科技公司-佛吉亚歌乐电子有限公司'],['2022-10-09 09:08'],['344']
['天津七一二通信广播股份有限公司2023届校园招聘'],['2022-10-09 08:30'],['161']
['闽都创新实验室2022年人才招聘需求'],['2022-10-08 20:18'],['318']
['广州地铁设计研究院股份有限公司2023届校园招聘简章'],['2022-10-08 17:21'],['247']
['TATA木门2023届校园招聘'],['2022-10-08 16:54'],['153']
['简历冲刺啦！中国移动终端公司2023届校园招聘邀请您投递简历 和终端，耀未来！'],['2022-10-08 16:54'],['274']
['“数字驱动梦想，科技睿动未来”中电科 国睿科技股份有限公司2023校园招聘'],['2022-10-08 16:42'],['293']
['中国移动甘肃公司诚邀2022/2023届校园应届毕业生加入！'],['2022-10-08 16:32'],['158']
['一汽解放汽车有限公司2023年秋季校园招聘'],['2022-10-08 16:30'],['503']
['国家开发银行-国银金租2023年校园招聘公告'],['2022-10-08 16:25'],['397']
['中联重科2023届校园招聘简章'],['2022-10-08 16:23'],['431']
['芯恩（青岛）集成电路有限公司招聘简介'],['2022-10-08 16:16'],['387']
['天津光电通信技术有限公司2023校园招聘正式启动！'],['2022-10-08 16:09'],['478']
['嗨，同学，欢迎加入！– DataPipeline校园招聘全面开启'],['2022-10-08 16:09'],['264']
['索菲亚家居股份有限公司'],['2022-10-08 16:00'],['232']
['中国农业银行广西分行2023年校园招聘公告'],['2022-10-08 15:51'],['178']
['浙江省水利水电勘测设计院有限责任公司 2023年校园招聘公告'],['2022-10-08 15:30'],['512']
['HAI！ ⼀起开启机器人未来 海柔创新 2023届校园招聘 后浪计划 正式启动'],['2022-10-08 15:13'],['263']
['锦浪基金-2022秋季校园招聘（重庆）'],['2022-10-08 15:12'],['182']
['深圳金三立视频科技股份有限公司2023年校园招聘简章'],['2022-10-08 14:55'],['185']
['上海浦东发展银行股份有限公司福州分行'],['2022-10-08 14:53'],['130']
['烟台东方威思顿电气有限公司2023届校园招聘简章'],['2022-10-08 14:52'],['180']
['中国移动通信集团河北有限公司2023秋季校园招聘'],['2022-10-08 14:30'],['130']
['中国银行信息科技运营中心2023年秋季招聘'],['2022-10-08 14:25'],['248']
['红山集团2022-2023校园招聘'],['2022-10-08 14:16'],['290']
['北京昂瑞微电子技术股份有限公司'],['2022-10-08 14:06'],['1486']
['“无穷之下，你即未来” 2023卡奥斯未来合伙人全面启动，工业互联网由你定义！'],['2022-10-08 13:37'],['290']
['2023届校招—中南置地南阳生招募'],['2022-10-08 13:25'],['301']
['线上云招 相约山理-山东理工大学2022年海内外空中宣讲会'],['2022-10-08 13:24'],['109']
['济南产业发展投资集团有限公司 2022年秋季校园招聘公告'],['2022-10-08 10:48'],['761']
['深圳能源集团股份有限公司 2023届校园秋季招聘启事'],['2022-10-08 10:47'],['291']
['英科再生2023届校园招聘简章'],['2022-10-08 10:46'],['223']
['平安银行广州分行招聘简章（2023届秋招）'],['2022-10-08 10:46'],['296']
['中国移动浙江公司诚邀 2023届校园应届毕业生加盟！'],['2022-10-08 10:42'],['227']
['神龙汽车有限公司招聘简章'],['2022-10-08 10:42'],['204']
['山西金融职业学院2022年公开招聘博士研究生公告诚邀您的加盟！'],['2022-10-08 10:41'],['149']
['浙江越秀外国语学院2022年人才引进公告'],['2022-10-08 10:41'],['263']
['上海银行诚聘2023届优秀高校毕业生'],['2022-10-08 10:36'],['225']
['国行未来 为你而来！ 厦门国际银行股份有限公司2023年校园招聘计划'],['2022-10-08 10:23'],['177']
['四川省宜宾市2022年下半年面向海内外引进高层次人才公告'],['2022-10-08 10:15'],['178']
['贵州移动2023秋季校园招聘正式启动'],['2022-10-08 10:11'],['355']
['杭州锐健马斯汀医疗器材有限公司'],['2022-10-08 09:58'],['186']
['天津七一二通信广播股份有限公司2023届校园招聘'],['2022-10-08 09:42'],['149']
['“才聚圣大 筑梦国防”圣大电子2023届空中宣讲会通知'],['2022-10-08 09:27'],['169']
['中建三局安装工程有限公司'],['2022-10-08 09:21'],['199']
['烟台杰瑞石油服务集团股份有限公司2023年校园招聘'],['2022-10-08 08:38'],['115']
['海尔大健康生态品牌—盈康一生 2023届校园招聘'],['2022-10-07 23:21'],['240']
['西南应用磁学研究所（中国电子科技集团公司第九研究所）2022-2023年校园招聘'],['2022-10-07 21:23'],['270']
['中国建设银行运营数据中心2023年度校园招聘公告'],['2022-10-07 20:25'],['221']
['长空铸剑——西安科为实业2023届优科生校园招聘'],['2022-10-07 15:05'],['392']
['厦门大学嘉庚学院2022-2023学年人才招聘启事'],['2022-10-07 14:51'],['281']
['中石化中原石油工程设计有限公司校园招聘'],['2022-10-07 09:46'],['254']
['天津七一二通信广播股份有限公司2023届秋季校园招聘'],['2022-10-06 18:40'],['222']
['东莞市深鹏电子有限公司'],['2022-10-06 17:22'],['1334']
['ASTER星图国际集团2023届校园招聘'],['2022-10-06 15:40'],['615']
['宏发股份-厦门宏发汽车电子有限公司-2023校园招聘简章'],['2022-10-06 14:02'],['423']
['追梦蓝天 铿锵出发——中国人民解放军第五七二〇工厂2023年校园招聘'],['2022-10-06 13:54'],['1134']
['河北大学2022年高层次人才招聘公告'],['2022-10-06 11:41'],['720']
['通量微芯 引领“芯”时代'],['2022-10-05 16:41'],['570']
['川开电气有限公司2023校园招聘简章'],['2022-10-05 11:04'],['617']
['枣庄学院2022年人才招聘简章'],['2022-10-04 16:43'],['322']
['上海宏景智驾信息科技有限公司'],['2022-10-04 10:59'],['438']
['港华燃气集团2023届校园招聘'],['2022-10-03 19:00'],['279']
['瓯海眼镜2023届大学生校园招聘简章'],['2022-10-03 13:31'],['132']
['新天绿色能源股份有限公司2023届 校园招聘公告'],['2022-10-03 13:17'],['355']
['国家管网集团西部管道有限责任公司2023年高校毕业生招聘公告'],['2022-10-01 18:35'],['562']
['天津七一二通信广播股份有限公司2023届秋季校园招聘'],['2022-10-01 11:05'],['247']
